id,label,ctype,dimension,fuente,observaciones,notas sobre indicadores
Anio,Año,Ye,NA,NA,NA,NA
v0_ep_007,Espacio público peatonal por habitante,Nu,MOVILIDAD Y ESPACIO PÚBLICO,Subdirección de Información,NA,NA
v0_ep_011,Espacio público efectivo,Nu,MOVILIDAD Y ESPACIO PÚBLICO,Subdirección de Información,"Parámetro: 10 m2 OMS, 15 m2 Ministerio",NA
v11_cr_1_01,Recreación,Nu,"Cultura, recreación y deporte",NA,NA,NA
v12_pc_0_5,Participación,Nu,Participación y cultura ciudadana,NA,NA,NA
v12_pc_0_6,Percepción de la calidad de vida,Nu,Participación y cultura ciudadana,NA,NA,NA
v13_gp_004_03,Dependencia transferencias: (Transferencias del Sistema General de Participación/ Ingresos municipio),Nu,Entorno económico,NA,NA,NA
v13_gp_1_001,Ingresos,Nu,Finanzas y gestión pública,NA,NA,NA
v13_gp_1_002,destinacion transferencias Arte y cultura VALOR TOTAL (Pesos),Nu,FINANZAS PÚBLICAS,NA,NA,NA
v13_gp_1_003,destinacion transferencias Comunicaciones VALOR TOTAL (Pesos),Nu,FINANZAS PÚBLICAS,NA,NA,NA
v13_gp_1_004,destinacion transferencias Defensa y seguridad VALOR TOTAL (Pesos),Nu,FINANZAS PÚBLICAS,NA,NA,NA
v13_gp_1_005,destinacion transferencias Desarrollo Comunitario VALOR TOTAL (Pesos),Nu,FINANZAS PÚBLICAS,NA,NA,NA
v13_gp_1_006,destinacion transferencias Educación VALOR TOTAL (Pesos),Nu,FINANZAS PÚBLICAS,NA,NA,NA
v13_gp_1_007,destinacion transferencias Energía VALOR TOTAL (Pesos),Nu,FINANZAS PÚBLICAS,NA,NA,NA
v13_gp_1_008,destinacion transferencias Gobierno VALOR TOTAL (Pesos),Nu,FINANZAS PÚBLICAS,NA,NA,NA
v13_gp_1_009,destinacion transferencias Industria y Comercio VALOR TOTAL (Pesos),Nu,FINANZAS PÚBLICAS,NA,NA,NA
v13_gp_1_010,destinacion transferencias Justicia VALOR TOTAL (Pesos),Nu,FINANZAS PÚBLICAS,NA,NA,NA
v13_gp_1_011,destinacion transferencias Medio ambiente VALOR TOTAL (Pesos),Nu,FINANZAS PÚBLICAS,NA,NA,NA
v13_gp_1_012,destinacion transferencias Otros sectores VALOR TOTAL (Pesos),Nu,FINANZAS PÚBLICAS,NA,NA,NA
v13_gp_1_013,destinacion transferencias Recreación y deporte VALOR TOTAL (Pesos),Nu,FINANZAS PÚBLICAS,NA,NA,NA
v13_gp_1_014,destinacion transferencias Salud VALOR TOTAL (Pesos),Nu,FINANZAS PÚBLICAS,NA,NA,NA
v13_gp_1_015,destinacion transferencias Saneamiento básico y agua potable VALOR TOTAL (Pesos),Nu,FINANZAS PÚBLICAS,NA,NA,NA
v13_gp_1_016,destinacion transferencias Transporte VALOR TOTAL (Pesos),Nu,FINANZAS PÚBLICAS,NA,NA,NA
v13_gp_1_017,destinacion transferencias Vivienda VALOR TOTAL (Pesos),Nu,FINANZAS PÚBLICAS,NA,NA,NA
v13_gp_1_018,destinacion transferencias Total Transferencias VALOR TOTAL (Pesos),Nu,FINANZAS PÚBLICAS,NA,NA,NA
v13_gp_1_019,destinacion transferencias Agropecuario Participación (%),Nu,FINANZAS PÚBLICAS,NA,NA,NA
v13_gp_1_020,destinacion transferencias Arte y cultura Participación (%),Nu,FINANZAS PÚBLICAS,NA,NA,NA
v13_gp_1_021,destinacion transferencias Comunicaciones Participación (%),Nu,FINANZAS PÚBLICAS,NA,NA,NA
v13_gp_1_022,destinacion transferencias Defensa y seguridad Participación (%),Nu,FINANZAS PÚBLICAS,NA,NA,NA
v13_gp_1_023,destinacion transferencias Desarrollo Comunitario Participación (%),Nu,FINANZAS PÚBLICAS,NA,NA,NA
v13_gp_1_024,destinacion transferencias Educación Participación (%),Nu,FINANZAS PÚBLICAS,NA,NA,NA
v13_gp_1_025,destinacion transferencias Energía Participación (%),Nu,FINANZAS PÚBLICAS,NA,NA,NA
v13_gp_1_026,destinacion transferencias Gobierno Participación (%),Nu,FINANZAS PÚBLICAS,NA,NA,NA
v13_gp_1_027,destinacion transferencias Industria y Comercio Participación (%),Nu,FINANZAS PÚBLICAS,NA,NA,NA
v13_gp_1_028,destinacion transferencias Justicia Participación (%),Nu,FINANZAS PÚBLICAS,NA,NA,NA
v13_gp_1_029,destinacion transferencias Medio ambiente Participación (%),Nu,FINANZAS PÚBLICAS,NA,NA,NA
v13_gp_1_030,destinacion transferencias Otros sectores Participación (%),Nu,FINANZAS PÚBLICAS,NA,NA,NA
v13_gp_1_031,destinacion transferencias Recreación y deporte Participación (%),Nu,FINANZAS PÚBLICAS,NA,NA,NA
v13_gp_1_032,destinacion transferencias Salud Participación (%),Nu,FINANZAS PÚBLICAS,NA,NA,NA
v13_gp_1_033,destinacion transferencias Saneamiento básico y agua potable Participación (%),Nu,FINANZAS PÚBLICAS,NA,NA,NA
v13_gp_1_034,destinacion transferencias Transporte Participación (%),Nu,FINANZAS PÚBLICAS,NA,NA,NA
v13_gp_1_035,destinacion transferencias Vivienda Participación (%),Nu,FINANZAS PÚBLICAS,NA,NA,NA
v13_gp_1_036,destinacion transferencias Total Transferencias Participación (%),Nu,FINANZAS PÚBLICAS,NA,NA,NA
v13_gp_1_1,Transferencias del SGP,Nu,Entorno económico,NA,NA,NA
v13_gp_1_10,Deuda pública total,Nu,Entorno económico,NA,NA,NA
v13_gp_1_100,destinacion transferencias Agropecuario VALOR TOTAL (Pesos),Nu,FINANZAS PÚBLICAS,NA,NA,NA
v13_gp_1_11,Deuda pública total a pesos constantes,Nu,Entorno económico,NA,NA,NA
v13_gp_1_12,Ingresos corrientes de libre destinación destinados a funcionamiento/ley 617 de 2000 limite 50,Nu,Entorno económico,NA,NA,NA
v13_gp_1_13,Ingresos de libre destinación destinados a funcionamiento,Nu,Entorno económico,NA,NA,NA
v13_gp_1_14,Ingresos corrientes de libre destinación,Nu,Entorno económico,NA,NA,NA
v13_gp_1_15,Porcentaje de la inversión sobre los gastos totales,Nu,Entorno económico,NA,NA,NA
v13_gp_1_16,Inversión a pesos constantes,Nu,Entorno económico,NA,NA,NA
v13_gp_1_17,Gastos totales,Nu,Entorno económico,NA,NA,NA
v13_gp_1_19,Bonos,Nu,Entorno económico,NA,NA,NA
v13_gp_1_2,Dependencia propia (Ingresos tributarios/ Ingresos municipio),Nu,Entorno económico,NA,NA,NA
v13_gp_1_20,Entidades financieras,Nu,Entorno económico,NA,NA,NA
v13_gp_1_21,BID,Nu,Entorno económico,NA,NA,NA
v13_gp_1_22,Intereses de la deuda,Nu,Entorno económico,NA,NA,NA
v13_gp_1_24,Ingresos corrientes,Nu,Entorno económico,NA,NA,NA
v13_gp_1_25,Ingresos libre destinación,Nu,Entorno económico,NA,NA,NA
v13_gp_1_26,Ingresos tributarios,Nu,Entorno económico,NA,NA,NA
v13_gp_1_27,Ahorro operacional,Nu,Entorno económico,NA,NA,NA
v13_gp_1_29,Inversión,Nu,Entorno económico,NA,NA,NA
v13_gp_1_3,Ingresos tributarios,Nu,Entorno económico,NA,NA,NA
v13_gp_1_30,Gastos totales,Nu,Entorno económico,NA,NA,NA
v13_gp_1_31,Gastos de funcionamiento,Nu,Entorno económico,NA,NA,NA
v13_gp_1_33,Calificación de riesgo Duff & Phelps. No se usa el indicador más,Ca,Entorno económico,NA,NA,NA
v13_gp_1_34,Calificación de riesgo Fitch Ratings Nacional,Ca,Entorno económico,NA,NA,NA
v13_gp_1_35,Calificación de riesgo Fitch Ratings Internacional,Ca,Entorno económico,NA,NA,NA
v13_gp_1_36,Calificación de riesgo  MOODY'S,Ca,Entorno económico,NA,NA,NA
v13_gp_1_37,Recursos propios,Nu,Entorno económico,NA,NA,NA
v13_gp_1_38,Recursos propios pesos constantes,Nu,Entorno económico,NA,NA,NA
v13_gp_1_39,Recursos propios sin excedentes de EPM,Nu,Entorno económico,NA,NA,NA
v13_gp_1_4,Ingresos tributarios a pesos constantes,Nu,Entorno económico,NA,NA,NA
v13_gp_1_40,Recursos propios sin excedentes de EPM a pesos contantes,Nu,Entorno económico,NA,NA,NA
v13_gp_1_41,Excedentes de EPM ordinarios,Nu,Entorno económico,NA,NA,NA
v13_gp_1_42,Adicionales,Nu,Entorno económico,NA,NA,NA
v13_gp_1_43,Extraordinarios,Nu,Entorno económico,NA,NA,NA
v13_gp_1_44,Excedentes EPM totales,Nu,Entorno económico,NA,NA,NA
v13_gp_1_45,Excedentes EPM totales a pesos constantes,Nu,Entorno económico,NA,NA,NA
v13_gp_1_46,Transferencias del Sistema General de Participación,Nu,Entorno económico,NA,NA,NA
v13_gp_1_47,Recursos del crédito,Nu,Entorno económico,NA,NA,NA
v13_gp_1_48,Recursos del crédito a pesos contantes,Nu,Entorno económico,NA,NA,NA
v13_gp_1_49,Otros ingresos,Nu,Entorno económico,NA,NA,NA
v13_gp_1_5,Participación de intereses con respecto al ahorro operacional/ley 358 de 1997 solvencia/limite 40,Nu,Entorno económico,NA,NA,NA
v13_gp_1_50,Otrs ingresos a pesos constantes,Nu,Entorno económico,NA,NA,NA
v13_gp_1_6,Intereses de la deuda,Nu,Entorno económico,NA,NA,NA
v13_gp_1_7,Intereses de la deuda a pesos constantes,Nu,Entorno económico,NA,NA,NA
v13_gp_1_8,Ahorro operacional,Nu,Entorno económico,NA,NA,NA
v13_gp_1_9,Relación de deuda sobre ingresos corrientes/ley 358 de 1997 sostenibilidad/limite 80,Nu,Entorno económico,NA,NA,NA
v13_gp_3_000,"Inversión per cápita por sectores, a pesos constantes de 2014 Agropecuario",Nu,Finanzas y gestión pública,NA,NA,NA
v13_gp_3_001,"Inversión per cápita por sectores, a pesos constantes de 2014 Agua potable y saneamiento básico (sin incluir proyectos VIS)",Nu,Finanzas y gestión pública,NA,NA,NA
v13_gp_3_002,"Inversión per cápita por sectores, a pesos constantes de 2014 Ambiental",Nu,Finanzas y gestión pública,NA,NA,NA
v13_gp_3_003,"Inversión per cápita por sectores, a pesos constantes de 2014 Atención a grupos vulnerables",Nu,Finanzas y gestión pública,NA,NA,NA
v13_gp_3_004,"Inversión per cápita por sectores, a pesos constantes de 2014 Centros de reclusión",Nu,Finanzas y gestión pública,NA,NA,NA
v13_gp_3_005,"Inversión per cápita por sectores, a pesos constantes de 2014 Cultura",Nu,Finanzas y gestión pública,NA,NA,NA
v13_gp_3_006,"Inversión per cápita por sectores, a pesos constantes de 2014 Deporte y recreación",Nu,Finanzas y gestión pública,NA,NA,NA
v13_gp_3_007,"Inversión per cápita por sectores, a pesos constantes de 2014 Desarrollo comunitario",Nu,Finanzas y gestión pública,NA,NA,NA
v13_gp_3_008,"Inversión per cápita por sectores, a pesos constantes de 2014 Educación",Nu,Finanzas y gestión pública,NA,NA,NA
v13_gp_3_009,"Inversión per cápita por sectores, a pesos constantes de 2014 Equipamiento",Nu,Finanzas y gestión pública,NA,NA,NA
v13_gp_3_010,"Inversión per cápita por sectores, a pesos constantes de 2014 Fortalecimiento institucional",Nu,Finanzas y gestión pública,NA,NA,NA
v13_gp_3_011,"Inversión per cápita por sectores, a pesos constantes de 2014 Justicia y seguridad",Nu,Finanzas y gestión pública,NA,NA,NA
v13_gp_3_012,"Inversión per cápita por sectores, a pesos constantes de 2014 Prevención y atención de desastres",Nu,Finanzas y gestión pública,NA,NA,NA
v13_gp_3_013,"Inversión per cápita por sectores, a pesos constantes de 2014 Promoción del desarrollo",Nu,Finanzas y gestión pública,NA,NA,NA
v13_gp_3_014,"Inversión per cápita por sectores, a pesos constantes de 2014 Salud",Nu,Finanzas y gestión pública,NA,NA,NA
v13_gp_3_015,"Inversión per cápita por sectores, a pesos constantes de 2014 Servicios públicos  (sin incluir proyectos VIS)",Nu,Finanzas y gestión pública,NA,NA,NA
v13_gp_3_016,"Inversión per cápita por sectores, a pesos constantes de 2014 Transporte",Nu,Finanzas y gestión pública,NA,NA,NA
v13_gp_3_017,"Inversión per cápita por sectores, a pesos constantes de 2014 Vivienda",Nu,Finanzas y gestión pública,NA,NA,NA
v13_gp_3_018,"Inversión per cápita por sectores, a pesos constantes de 2014 Total",Nu,Finanzas y gestión pública,NA,NA,NA
v13_gp_4_1,Inversión % por sectores Agropecuario,Ca,Finanzas y gestión pública,NA,NA,NA
v13_gp_4_10,Inversión % por sectores Equipamiento,Ca,Finanzas y gestión pública,NA,NA,NA
v13_gp_4_11,Inversión % por sectores Fortalecimiento institucional,Ca,Finanzas y gestión pública,NA,NA,NA
v13_gp_4_12,Inversión % por sectores Justicia y seguridad,Ca,Finanzas y gestión pública,NA,NA,NA
v13_gp_4_13,Inversión % por sectores Prevención y atención de desastres,Ca,Finanzas y gestión pública,NA,NA,NA
v13_gp_4_14,Inversión % por sectores Promoción del desarrollo,Ca,Finanzas y gestión pública,NA,NA,NA
v13_gp_4_15,Inversión % por sectores Salud,Ca,Finanzas y gestión pública,NA,NA,NA
v13_gp_4_16,Inversión % por sectores Servicios públicos  (sin incluir proyectos VIS),Ca,Finanzas y gestión pública,NA,NA,NA
v13_gp_4_17,Inversión % por sectores Transporte,Ca,Finanzas y gestión pública,NA,NA,NA
v13_gp_4_18,Inversión % por sectores Vivienda,Ca,Finanzas y gestión pública,NA,NA,NA
v13_gp_4_19,Inversión per cápita por sectores Agropecuario,Nu,Finanzas y gestión pública,NA,NA,NA
v13_gp_4_2,Inversión % por sectores Agua potable y saneamiento básico (sin incluir proyectos VIS),Ca,Finanzas y gestión pública,NA,NA,NA
v13_gp_4_20,Inversión per cápita por sectores Agua potable y saneamiento básico (sin incluir proyectos VIS),Nu,Finanzas y gestión pública,NA,NA,NA
v13_gp_4_21,Inversión per cápita por sectores Ambiental,Nu,Finanzas y gestión pública,NA,NA,NA
v13_gp_4_22,Inversión per cápita por sectores Atención a grupos vulnerables,Nu,Finanzas y gestión pública,NA,NA,NA
v13_gp_4_23,Inversión per cápita por sectores Centros de reclusión,Nu,Finanzas y gestión pública,NA,NA,NA
v13_gp_4_24,Inversión per cápita por sectores Cultura,Nu,Finanzas y gestión pública,NA,NA,NA
v13_gp_4_25,Inversión per cápita por sectores Deporte y recreación,Nu,Finanzas y gestión pública,NA,NA,NA
v13_gp_4_26,Inversión per cápita por sectores Desarrollo comunitario,Nu,Finanzas y gestión pública,NA,NA,NA
v13_gp_4_27,Inversión per cápita por sectores Educación,Nu,Finanzas y gestión pública,NA,NA,NA
v13_gp_4_28,Inversión per cápita por sectores Equipamiento,Nu,Finanzas y gestión pública,NA,NA,NA
v13_gp_4_29,Inversión per cápita por sectores Fortalecimiento institucional,Nu,Finanzas y gestión pública,NA,NA,NA
v13_gp_4_3,Inversión % por sectores Ambiental,Ca,Finanzas y gestión pública,NA,NA,NA
v13_gp_4_30,Inversión per cápita por sectores Justicia y seguridad,Nu,Finanzas y gestión pública,NA,NA,NA
v13_gp_4_31,Inversión per cápita por sectores Prevención y atención de desastres,Nu,Finanzas y gestión pública,NA,NA,NA
v13_gp_4_32,Inversión per cápita por sectores Promoción del desarrollo,Nu,Finanzas y gestión pública,NA,NA,NA
v13_gp_4_33,Inversión per cápita por sectores Salud,Nu,Finanzas y gestión pública,NA,NA,NA
v13_gp_4_34,Inversión per cápita por sectores Servicios públicos  (sin incluir proyectos VIS),Nu,Finanzas y gestión pública,NA,NA,NA
v13_gp_4_35,Inversión per cápita por sectores Transporte,Nu,Finanzas y gestión pública,NA,NA,NA
v13_gp_4_36,Inversión per cápita por sectores Vivienda,Nu,Finanzas y gestión pública,NA,NA,NA
v13_gp_4_37,Inversión per cápita por sectores Total,Nu,Finanzas y gestión pública,NA,NA,NA
v13_gp_4_4,Inversión % por sectores Atención a grupos vulnerables,Ca,Finanzas y gestión pública,NA,NA,NA
v13_gp_4_5,Inversión % por sectores Centros de reclusión,Ca,Finanzas y gestión pública,NA,NA,NA
v13_gp_4_6,Inversión % por sectores Cultura,Ca,Finanzas y gestión pública,NA,NA,NA
v13_gp_4_7,Inversión % por sectores Deporte y recreación,Ca,Finanzas y gestión pública,NA,NA,NA
v13_gp_4_8,Inversión % por sectores Desarrollo comunitario,Ca,Finanzas y gestión pública,NA,NA,NA
v13_gp_4_9,Inversión % por sectores Educación,Ca,Finanzas y gestión pública,NA,NA,NA
v1_cr_1,Responsabilidad ciudadana,Nu,CULTURA TRIBUTARIA,NA,NA,NA
v1_cr_2,Porcentaje de contribuyentes morosos de Industria y Comercio,Nu,CULTURA TRIBUTARIA,NA,NA,NA
v1_cr_3,Contribuyentes morosos de impuesto predial (vigencia actual),Nu,CULTURA TRIBUTARIA,NA,NA,NA
v1_cr_4,Contribuyentes morosos de industria y comercio (vigencia actual),Nu,CULTURA TRIBUTARIA,NA,NA,NA
v1_cr_5,Número de comparendos por transito en sitios y horarios no permitidos,Nu,CULTURA TRIBUTARIA,NA,NA,NA
v1_cr_6,Número de comparendos por emisión de gases.,Nu,CULTURA TRIBUTARIA,NA,NA,NA
v1_cr_7,Número de comparendos por  no portar certificado técnico mecánico (SE UNIFICA CON EMISIÓN DE GASES),Nu,CULTURA TRIBUTARIA,NA,NA,NA
v1_d_001,poblacion,Nu,Demografía,NA,NA,NA
v1_d_001_1,Población Según Censo 1993 DANE,Nu,Demografía,NA,NA,NA
v1_d_001_10,Población total Censo 2005,Nu,Demografía,DANE,Proyecciones de población de municipio de Medellín por comunas y corregimientos. 1993-2005-2015,NA
v1_d_003,Población total Hombres,Nu,Demografía,DANE,Proyecciones de población de municipio de Medellín por comunas y corregimientos. 1993-2005-2015,NA
v1_d_004,Población total Mujeres,Nu,Demografía,DANE,Proyecciones de población de municipio de Medellín por comunas y corregimientos. 1993-2005-2015,NA
v1_d_010,Tasa de crecimiento poblacional,Nu,Demografía,"DANE, cálculos propios",NA,NA
v1_d_011,Indice de envejecimiento,Nu,Demografía,"DANE, cálculos propios","Población de 0-14/65 y más. El dato de 1993 fue de 4,5",NA
v1_d_014,Tasa de dependencia,Nu,Demografía,"DANE, cálculos propios",Población de menos de 15 años y de más de 64 años sobre la población de 15 a 64 años. En 1993 fue de 55%,NA
v2_p_0_01,Vulnerabilidad,Nu,Pobreza y equidad,NA,NA,NA
v2_p_004,Indice de Gini,Nu,Pobreza y equidad,"MESEP, 2011",Va de cero a uno,NA
v2_p_018,Línea de pobreza,Nu,Pobreza y equidad,DANR,Por los cambios en las encuestas de hogares entre 2006 y 2007 la serie de pobreza e indigencia se pierde para 2006 y 2007,NA
v2_p_1_000,Indíce de Desarrollo Humano,Nu,Pobreza y equidad,DAPM,NA,NA
v2_p_1_09,Total de personas que declaran desplazamiento (incluye intraurbano),Nu,Pobreza y equidad,Personería de Medellín,"Incluye intraurbano hasta 2010, el dato para 2014 no inlcuye intraurbano y esolo para municipios expulsores en el departamento de Antioquia. Comunicación del 26 de febrero de 2015",NA
v2_p_1_10,Tasa de crecimiento del # de declaraciones,Nu,Pobreza y equidad,C.P,NA,NA
v2_p_1_11,# de personas que llegan de otros municipios,Nu,Pobreza y equidad,"Secretaría de Gobierno, SISC",Comunicación 7 de junio de 2011,NA
v2_p_1_12,Total incluidos del # de personas que llegan de otros municipios,Nu,Pobreza y equidad,"Secretaría de Gobierno, SISC",Comunicación 7 de junio de 2011,NA
v2_p_1_13,Porcentaje reconocido por el RUPD,Nu,Pobreza y equidad,"Secretaría de Gobierno, SISC",NA,NA
v2_p_1_14,Llegada de personas desplazadas por la violencia,Nu,Pobreza y equidad,Departamento de Prosperidad Social,Archivo Llegada DPS,NA
v2_p_1_15,Salida de personas desplazadas por la violencia,Nu,Pobreza y equidad,Departamento de Prosperidad Social,Archivo excel Expulsión DPS,NA
v2_p_1_16,Neto entre llegada y salidad de personas desplazadas por la violencia,Nu,Pobreza y equidad,Departamento de Prosperidad Social,Cálculo propio,NA
v2_p_1_17,Línea de Indigencia,Nu,Pobreza y equidad,DANE,NA,NA
v2_p_2_000,indicador de calidad de vida,Nu,Pobreza y equidad,DAPM,NA,NA
V2_p_2_003,IMCVpromedio  Comunas más alto,Nu,Pobreza y equidad,Cálculos propios,NA,NA
V2_p_2_004,Coeficiente de variación,Nu,Pobreza y equidad,NA,NA,NA
V2_p_3_000,Indicador multidimensional de condiciones de vida por componente,Nu,Pobreza y equidad,DAPM,NA,NA
v3_gp_001_03,Gastos totales a pesos constantes,Nu,Entorno económico,NA,NA,NA
v3_gp_024,Indicador de desempeño fiscal de los municipios de Colombia,Nu,Entorno económico,NA,NA,NA
v3_gp_025_1,Posición en el ranking nacional de desempeño fiscal (respecto al total de municipios del país),Nu,Entorno económico,NA,NA,NA
v3_gp_025_2,Posición en el ranking nacional de desempeño entre ciudades capitales,Nu,Entorno económico,NA,NA,NA
v3_gp_025_3,Posición en el ranking nacional de desempeño fiscal (respecto a los municipios de departamento),Nu,Entorno económico,NA,NA,NA
v3_gp_035_08,Ingresos totales,Nu,Entorno económico,NA,NA,NA
v3_gp_035_15,Inversión,Nu,Entorno económico,NA,NA,NA
v3_gp_035_23,Ingresos corrientes,Nu,Entorno económico,NA,NA,NA
v3_gp_1_000,"Inversión total por comunas y corregimientos, a pesos corrientes",Nu,Finanzas y gestión pública,NA,NA,NA
v3_gp_1_001,"Inversión total por comunas y corregimientos, a pesos constantes 2035",Nu,Finanzas y gestión pública,NA,NA,NA
v3_gp_1_002,"Inversión per-cápita por comunas y corregimientos, a pesos constantes 2036",Nu,Finanzas y gestión pública,NA,NA,NA
v3_s_0_01,Salud,Nu,Salud,NA,NA,NA
v3_s_001_18,"Incidencia de dengue 
 (tasa por cien mil habitantes)",Nu,salud,SIVIGILA. Sistema de Vigilancia Epidemiológica. Procesado por la Unidad de Gestión de la información y el Conocimiento. Secretaría de Salud de Medellín.,NA,NA
v3_s_001_27,"Mortalidad por tuberculosis respiratoria 
 (tasa por cien mil habitantes)",Nu,salud,DANE. Departamento Administrativo Nacional de Estadística . Procesado por la Unidad de Gestión de la Información y el Conocimiento. Secretaría de Salud de Medellín.,NA,NA
v3_s_001_28,"Mortalidad por tuberculosis respiratoria 
 (tasa por cien mil habitantes)",Nu,salud,DANE. Departamento Administrativo Nacional de Estadística . Procesado por la Unidad de Gestión de la Información y el Conocimiento. Secretaría de Salud de Medellín.,NA,NA
v3_s_001_29,"Mortalidad por tuberculosis respiratoria 
 (tasa por cien mil habitantes)",Nu,salud,DANE. Departamento Administrativo Nacional de Estadística . Procesado por la Unidad de Gestión de la Información y el Conocimiento. Secretaría de Salud de Medellín.,NA,NA
v3_s_001_30,"Mortalidad por tuberculosis respiratoria 
 (tasa por cien mil habitantes)",Nu,salud,DANE. Departamento Administrativo Nacional de Estadística . Procesado por la Unidad de Gestión de la Información y el Conocimiento. Secretaría de Salud de Medellín.,NA,NA
v3_s_001_31,"Mortalidad por tuberculosis respiratoria 
 (tasa por cien mil habitantes)",Nu,salud,DANE. Departamento Administrativo Nacional de Estadística . Procesado por la Unidad de Gestión de la Información y el Conocimiento. Secretaría de Salud de Medellín.,NA,NA
v3_s_001_32,"Mortalidad por tuberculosis respiratoria 
 (tasa por cien mil habitantes)",Nu,salud,DANE. Departamento Administrativo Nacional de Estadística . Procesado por la Unidad de Gestión de la Información y el Conocimiento. Secretaría de Salud de Medellín.,NA,NA
v3_s_001_33,"Mortalidad por tuberculosis respiratoria 
 (tasa por cien mil habitantes)",Nu,salud,DANE. Departamento Administrativo Nacional de Estadística . Procesado por la Unidad de Gestión de la Información y el Conocimiento. Secretaría de Salud de Medellín.,NA,NA
v3_s_001_34,"Mortalidad por tuberculosis respiratoria 
 (tasa por cien mil habitantes)",Nu,salud,DANE. Departamento Administrativo Nacional de Estadística . Procesado por la Unidad de Gestión de la Información y el Conocimiento. Secretaría de Salud de Medellín.,NA,NA
v3_s_001_35,"Mortalidad por tuberculosis respiratoria 
 (tasa por cien mil habitantes)",Nu,salud,DANE. Departamento Administrativo Nacional de Estadística . Procesado por la Unidad de Gestión de la Información y el Conocimiento. Secretaría de Salud de Medellín.,NA,NA
v3_s_001_36,"Mortalidad por tuberculosis respiratoria 
 (tasa por cien mil habitantes)",Nu,salud,DANE. Departamento Administrativo Nacional de Estadística . Procesado por la Unidad de Gestión de la Información y el Conocimiento. Secretaría de Salud de Medellín.,NA,NA
v3_s_005,"Razón de mortalidad materna 
 (por cada cien mil nacidos vivos)",Nu,salud,SIVIGILA. Sistema de Vigilancia Epidemiológica. Cifras analizadas y confirmadas por NACER. Secretaría de Salud de Medellín.,NA,NA
v3_s_006,Proporción de bajo peso al nacer (total),Nu,salud,DANE. Departamento Administrativo Nacional de Estadística . Procesado por la Unidad de Gestión de la Información y el Conocimiento. Secretaría de Salud de Medellín.,NA,NA
v3_s_006_1,Proporción de bajo peso al nacer (a término),Nu,salud,DANE. Departamento Administrativo Nacional de Estadística . Procesado por la Unidad de Gestión de la Información y el Conocimiento. Secretaría de Salud de Medellín.,NA,NA
v3_s_006_2,Proporción de bajo peso al nacer (pretérmino),Nu,salud,DANE. Departamento Administrativo Nacional de Estadística . Procesado por la Unidad de Gestión de la Información y el Conocimiento. Secretaría de Salud de Medellín.,NA,NA
v3_s_007,Tasa específica de fecundidad en mujeres de 10 a 14 años,Nu,salud,DANE. Departamento Administrativo Nacional de Estadística . Procesado por la Unidad de Gestión de la Información y el Conocimiento. Secretaría de Salud de Medellín.,NA,NA
v3_s_007_23,Tasa específica de fecundidad en mujeres de 10 a 19 años,Nu,salud,DANE. Departamento Administrativo Nacional de Estadística . Procesado por la Unidad de Gestión de la Información y el Conocimiento. Secretaría de Salud de Medellín.,NA,NA
v3_s_007_24,Tasa específica de fecundidad en mujeres de 15 a 19 años,Nu,salud,DANE. Departamento Administrativo Nacional de Estadística . Procesado por la Unidad de Gestión de la Información y el Conocimiento. Secretaría de Salud de Medellín.,NA,NA
v3_s_010,Mortalidad infantil (menores de un año) por cada mil nacidos vivos,Nu,salud,DANE. Departamento Administrativo Nacional de Estadística . Procesado por la Unidad de Gestión de la Información y el Conocimiento. Secretaría de Salud de Medellín.,NA,NA
v3_s_011_021,Tasa de mortalidad por desnutrición en menores de cinco años (por cada cien mil menores de cinco años),Nu,salud,DANE. Departamento Administrativo Nacional de Estadística . Cifras analizadas y confirmadas por NACER. Secretaría de Salud de Medellín.,NA,NA
v3_s_012,Mortalidad infantil (menores de un año) por cada mil nacidos vivos,Nu,salud,DANE. Departamento Administrativo Nacional de Estadística . Procesado por la Unidad de Gestión de la Información y el Conocimiento. Secretaría de Salud de Medellín.,NA,NA
v3_s_013,Mortalidad infantil (menores de un año) por cada mil nacidos vivos,Nu,salud,DANE. Departamento Administrativo Nacional de Estadística . Procesado por la Unidad de Gestión de la Información y el Conocimiento. Secretaría de Salud de Medellín.,NA,NA
v3_s_014,Mortalidad infantil (menores de un año) por cada mil nacidos vivos,Nu,salud,DANE. Departamento Administrativo Nacional de Estadística . Procesado por la Unidad de Gestión de la Información y el Conocimiento. Secretaría de Salud de Medellín.,NA,NA
v3_s_015,Mortalidad infantil (menores de un año) por cada mil nacidos vivos,Nu,salud,DANE. Departamento Administrativo Nacional de Estadística . Procesado por la Unidad de Gestión de la Información y el Conocimiento. Secretaría de Salud de Medellín.,NA,NA
v3_s_016,Mortalidad infantil (menores de un año) por cada mil nacidos vivos,Nu,salud,DANE. Departamento Administrativo Nacional de Estadística . Procesado por la Unidad de Gestión de la Información y el Conocimiento. Secretaría de Salud de Medellín.,NA,NA
v3_s_017,Mortalidad infantil (menores de un año) por cada mil nacidos vivos,Nu,salud,DANE. Departamento Administrativo Nacional de Estadística . Procesado por la Unidad de Gestión de la Información y el Conocimiento. Secretaría de Salud de Medellín.,NA,NA
v3_s_018,Mortalidad infantil (menores de un año) por cada mil nacidos vivos,Nu,salud,DANE. Departamento Administrativo Nacional de Estadística . Procesado por la Unidad de Gestión de la Información y el Conocimiento. Secretaría de Salud de Medellín.,Datos preliminares. Cifras con corte a 31 de enero de 2015.,NA
v3_s_0_180,"Tasa de mortalidad general por cada cien mil habitantes
 (tasa ajustada)",Nu,salud,DANE. Departamento Administrativo Nacional de Estadística . Procesado por la Unidad de Gestión de la Información y el Conocimiento. Secretaría de Salud de Medellín.,NA,NA
v3_s_0_181,"Tasa de mortalidad general por cada cien mil habitantes
 (tasa cruda)",Nu,salud,DANE. Departamento Administrativo Nacional de Estadística . Procesado por la Unidad de Gestión de la Información y el Conocimiento. Secretaría de Salud de Medellín.,NA,NA
v3_s_019,Mortalidad infantil (menores de un año) por cada mil nacidos vivos,Nu,salud,DANE. Departamento Administrativo Nacional de Estadística . Procesado por la Unidad de Gestión de la Información y el Conocimiento. Secretaría de Salud de Medellín.,NA,NA
v3_s_019_1,Número de embarazos en adolescentes de 10 a 19 años (nacidos vivos+def. fetales),Nu,salud,DANE. Departamento Administrativo Nacional de Estadística . Procesado por la Unidad de Gestión de la Información y el Conocimiento. Secretaría de Salud de Medellín.,NA,NA
v3_s_019_34,Número de embarazos en adolescentes de 10 a 19 años,Nu,salud,DANE. Departamento Administrativo Nacional de Estadística . Procesado por la Unidad de Gestión de la Información y el Conocimiento. Secretaría de Salud de Medellín.,NA,NA
v3_s_020,Mortalidad infantil (menores de un año) por cada mil nacidos vivos,Nu,salud,DANE. Departamento Administrativo Nacional de Estadística . Procesado por la Unidad de Gestión de la Información y el Conocimiento. Secretaría de Salud de Medellín.,NA,NA
v3_s_021,Mortalidad infantil (menores de un año) por cada mil nacidos vivos,Nu,salud,DANE. Departamento Administrativo Nacional de Estadística . Procesado por la Unidad de Gestión de la Información y el Conocimiento. Secretaría de Salud de Medellín.,NA,NA
v3_s_029,Tasa de mortalidad por EDA en menores de cinco años (por cada cien mil menores de cinco años),Nu,salud,DANE. Departamento Administrativo Nacional de Estadística . Cifras analizadas y confirmadas por NACER. Secretaría de Salud de Medellín.,NA,NA
v3_s_030,Tasa de mortalidad por ERA en menores de cinco años (por cada cien mil menores de cinco años),Nu,salud,DANE. Departamento Administrativo Nacional de Estadística . Cifras analizadas y confirmadas por NACER. Secretaría de Salud de Medellín.,NA,NA
v3_s_1_1,"Mortalidad asociada a cáncer de cuello uterino 
 (tasa ajustada por edad - método directo. por cada cien mil mujeres)",Nu,salud,DANE. Departamento Administrativo Nacional de Estadística . Procesado por la Unidad de Gestión de la Información y el Conocimiento. Secretaría de Salud de Medellín.,Tasa ajustadas no disponibles a la fecha.,NA
v3_s_1_2,"Mortalidad asociada a cáncer de cuello uternino 
 (tasa cruda por cien mil mujeres)",Nu,salud,DANE. Departamento Administrativo Nacional de Estadística . Procesado por la Unidad de Gestión de la Información y el Conocimiento. Secretaría de Salud de Medellín.,NA,NA
v3_s_1_3,Mortalidad en menores de cinco años por cada cien mil menores de cinco años,Nu,salud,DANE. Departamento Administrativo Nacional de Estadística . Procesado por la Unidad de Gestión de la Información y el Conocimiento. Secretaría de Salud de Medellín.,NA,NA
v3_s_1_4,Mortalidad en menores de cinco años por cada mil nacidos vivos,Nu,salud,DANE. Departamento Administrativo Nacional de Estadística . Procesado por la Unidad de Gestión de la Información y el Conocimiento. Secretaría de Salud de Medellín.,NA,NA
v4_e_001,Tasa de cobertura neta educación inicial (3 y 4 años),Nu,educación,Sec.Educación,NA,NA
v4_e_001_1,"Tasas de cobertura específicas por edad, sólo edad escolar 5",Nu,Educación,NA,NA,NA
v4_e_001_10,"Tasas de cobertura específicas por edad, sólo edad escolar 14",Nu,Educación,NA,NA,NA
v4_e_001_11,"Tasas de cobertura específicas por edad, sólo edad escolar 15",Nu,Educación,NA,NA,NA
v4_e_001_12,"Tasas de cobertura específicas por edad, sólo edad escolar 16",Nu,Educación,NA,NA,NA
v4_e_001_13,"Tasas de cobertura específicas por edad, sólo edad escolar 15-16",Nu,Educación,NA,NA,NA
v4_e_001_2,"Tasas de cobertura específicas por edad, sólo edad escolar 6",Nu,Educación,NA,NA,NA
v4_e_001_3,"Tasas de cobertura específicas por edad, sólo edad escolar 7",Nu,Educación,NA,NA,NA
v4_e_001_4,"Tasas de cobertura específicas por edad, sólo edad escolar 8",Nu,Educación,NA,NA,NA
v4_e_001_5,"Tasas de cobertura específicas por edad, sólo edad escolar 9",Nu,Educación,NA,NA,NA
v4_e_001_6,"Tasas de cobertura específicas por edad, sólo edad escolar 10",Nu,Educación,NA,NA,NA
v4_e_001_7,"Tasas de cobertura específicas por edad, sólo edad escolar 11",Nu,Educación,NA,NA,NA
v4_e_001_8,"Tasas de cobertura específicas por edad, sólo edad escolar 12",Nu,Educación,NA,NA,NA
v4_e_001_9,"Tasas de cobertura específicas por edad, sólo edad escolar 13",Nu,Educación,NA,NA,NA
v4_e_002,Tasa de cobertura neta preescolar,Nu,educación,Sec.Educación,NA,NA
v4_e_003,Tasa de cobertura neta primaria,Nu,educación,Sec.Educación,NA,NA
v4_e_004,Tasa de cobertura neta secundaria,Nu,educación,Sec.Educación,NA,NA
v4_e_005,Tasa de cobertura neta media,Nu,educación,Sec.Educación,NA,NA
v4_e_012,Tasa de cobertura bruta total,Nu,educación,Sec.Educación,NA,NA
v4_e_013,total cobertura matricula  grado transicion,Nu,Educación,NA,NA,NA
v4_e_013_1,Tasa de cobertura bruta preescolar,Nu,educación,Sec.Educación,NA,NA
v4_e_014,Tasa de cobertura bruta primaria,Nu,educación,Sec.Educación,NA,NA
v4_e_015,Tasa de cobertura bruta secundaria,Nu,educación,Sec.Educación,NA,NA
v4_e_016,Tasa de cobertura bruta media,Nu,educación,Sec.Educación,NA,NA
v4_e_0_17,Tasa de cobertura neta total,Nu,educación,Sec.Educación,NA,NA
v4_e_0_20,# de alumnos por docente (colegios oficiales),Nu,educación,Sec. de Educación,NA,NA
v4_e_029,Tasa de deserción oficial en edad escolar en preescolar. básica y media,Nu,educación,NA,NA,NA
v4_e_0_30,Años promedio de educación de población de 18 años y más,Nu,educación,Secretaría de Educación con base en ECH Y GEIH-DANE.,NA,NA
v4_e_033,Tasa de deserción oficial en básica primaria,Nu,educación,Sec. de Educación,NA,NA
v4_e_035,Tasa de deserción oficial en básica secundaria,Nu,educación,Sec. de Educación,NA,NA
v4_e_037,Tasa de deserción oficial en media,Nu,educación,Sec. de Educación,NA,NA
v4_e_038,Tasa de repitencia básica primaria,Nu,educación,Sec. de Educación,NA,NA
v4_e_046,Tasa de repitencia básica secundaria,Nu,educación,Sec. de Educación,NA,NA
v4_e_049,Tasa de repitencia media,Nu,educación,Sec. de Educación,NA,NA
v4_e_053,Tasa de analfabetismo de 15 años y más,Nu,educación,Sec. Educación.,NA,NA
v4_e_0_60,Porcentaje de maestros adscritos a la SEM que tienen posgrado,Nu,educación,"Sec,educación",NA,NA
v4_e_0_61,Porcentaje de maestros adscritos a la SEM que tienen especialización,Nu,educación,"Sec,educación",NA,NA
v4_e_0_62,Porcentaje de maestros adscritos a la SEM que tienen maestría,Nu,educación,"Sec,educación",NA,NA
v4_e_0_63,Porcentaje de maestros adscritos a la SEM que tienen doctorado,Nu,educación,"Sec,educación",NA,NA
v4_e_1_000,matricula grado transición mujeres,Nu,Educación,NA,NA,NA
v4_e_1_001,cobertura matricula mujeres grado transicion,Nu,Educación,NA,NA,NA
v4_e_10_017,total cobertura matricula  grado secundaria,Nu,Educación,NA,NA,NA
v4_e_1_002,matricula grado primaria mujeres,Nu,Educación,NA,NA,NA
v4_e_1_003,cobertura matricula mujeres grado primaria,Nu,Educación,NA,NA,NA
v4_e_1_004,matricula grado secundaria mujeres,Nu,Educación,NA,NA,NA
v4_e_1_005,cobertura matricula mujeres grado secundaria,Nu,Educación,NA,NA,NA
v4_e_1_006,matricula grado media mujeres,Nu,Educación,NA,NA,NA
v4_e_1_007,cobertura matricula mujeres grado media,Nu,Educación,NA,NA,NA
v4_e_1_008,matricula grado transición hombres,Nu,Educación,NA,NA,NA
v4_e_1_009,cobertura matricula hombres grado transicion,Nu,Educación,NA,NA,NA
v4_e_1_010,matricula grado primaria hombres,Nu,Educación,NA,NA,NA
v4_e_10_10,Promedio en puntaje pruebas saber Noveno grado lenguaje (Medellín),Nu,educación,NA,NA,NA
v4_e_10_100,% Lenguaje saber 9 COLEGIO PRIVADO Nivel insuficiente y mínimo,Nu,educación,NA,NA,NA
v4_e_10_101,% Lenguaje saber 9 COLEGIO PRIVADO Nivel satisfactorio y avanzado,Nu,educación,NA,NA,NA
v4_e_10_102,% Matematicas saber 9 COLEGIO OFICIAL Nivel insuficiente,Nu,educación,NA,NA,NA
v4_e_10_103,% Matematicas saber 9 COLEGIO OFICIAL Nivel mínimo,Nu,educación,NA,NA,NA
v4_e_10_104,% Matematicas saber 9 COLEGIO OFICIAL Nivel satisfactorio,Nu,educación,NA,NA,NA
v4_e_10_105,% Matematicas saber 9 COLEGIO OFICIAL Nivel sobresaliente o avanzado,Nu,educación,NA,NA,NA
v4_e_10_106,% Matematicas saber 9 COLEGIO OFICIAL Nivel insuficiente y mínimo,Nu,educación,NA,NA,NA
v4_e_10_107,% Matematicas saber 9 COLEGIO OFICIAL Nivel satisfactorio y avanzado,Nu,educación,NA,NA,NA
v4_e_10_108,% Matematicas saber 9 COLEGIO PRIVADO Nivel insuficiente,Nu,educación,NA,NA,NA
v4_e_10_109,% Matematicas saber 9 COLEGIO PRIVADO Nivel mínimo,Nu,educación,NA,NA,NA
v4_e_1_011,cobertura matricula hombres grado primaria,Nu,Educación,NA,NA,NA
v4_e_10_11,Promedio en puntaje pruebas saber Noveno grado matemáticas (colegios oficiales),Nu,educación,NA,NA,NA
v4_e_10_110,% Matematicas saber 9 COLEGIO PRIVADO Nivel satisfactorio,Nu,educación,NA,NA,NA
v4_e_10_111,% Matematicas saber 9 COLEGIO PRIVADO Nivel sobresaliente o avanzado,Nu,educación,NA,NA,NA
v4_e_10_112,% Matematicas saber 9 COLEGIO PRIVADO Nivel insuficiente y mínimo,Nu,educación,NA,NA,NA
v4_e_10_113,% Matematicas saber 9 COLEGIO PRIVADO Nivel satisfactorio y avanzado,Nu,educación,NA,NA,NA
v4_e_1_012,matricula grado secundaria hombres,Nu,Educación,NA,NA,NA
v4_e_10_12,Promedio en puntaje pruebas saber Noveno grado matemáticas (colegios privados),Nu,educación,NA,NA,NA
v4_e_1_013,cobertura matricula hombres grado secundaria,Nu,Educación,NA,NA,NA
v4_e_10_13,Promedio en puntaje pruebas saber Noveno grado matemáticas (Medellín),Nu,educación,NA,NA,NA
v4_e_1_014,matricula grado media hombres,Nu,Educación,NA,NA,NA
v4_e_10_14,% Lenguaje saber 5 Nivel insuficiente,Nu,educación,NA,NA,NA
v4_e_1_015,cobertura matricula hombres grado media,Nu,Educación,NA,NA,NA
v4_e_10_15,% Lenguaje saber 5 Nivel mínimo,Nu,educación,NA,NA,NA
v4_e_1_016,Tota cobertura matricula grado primaria,Nu,Educación,NA,NA,NA
v4_e_10_16,% Lenguaje saber 5 Nivel satisfactorio,Nu,educación,NA,NA,NA
v4_e_1_017,total cobertura matricula  grado media,Nu,Educación,NA,NA,NA
v4_e_10_17,% Lenguaje saber 5 Nivel sobresaliente o avanzado,Nu,educación,NA,NA,NA
v4_e_1_018,matricula grado transición mujeres adultas,Nu,Educación,NA,NA,NA
v4_e_10_18,% Lenguaje saber 5 Nivel insuficiente y mínimo,Nu,educación,NA,NA,NA
v4_e_1_019,cobertura matricula mujeres adultas grado transicion,Nu,Educación,NA,NA,NA
v4_e_10_19,% Lenguaje saber 5 Nivel satisfactorio y avanzado,Nu,educación,NA,NA,NA
v4_e_10_2,Promedio en puntaje pruebas saber quinto grado lenguaje (colegios oficiales),Nu,educación,NA,NA,NA
v4_e_1_020,matricula grado primaria mujeres adultas,Nu,Educación,NA,NA,NA
v4_e_10_20,% Lenguaje saber 5 NS1 Medellín Nivel satisfactorio y avanzado,Nu,educación,NA,NA,NA
v4_e_1_021,cobertura matricula mujeres adultas grado primaria,Nu,Educación,NA,NA,NA
v4_e_10_21,% Lenguaje saber 5 NS2 Medellín Nivel satisfactorio y avanzado,Nu,educación,NA,NA,NA
v4_e_1_022,matricula grado secundaria mujeres adultas,Nu,Educación,NA,NA,NA
v4_e_10_22,% Lenguaje saber 5 NS3 Medellín Nivel satisfactorio y avanzado,Nu,educación,NA,NA,NA
v4_e_1_023,cobertura matricula mujeres adultas grado secundaria,Nu,Educación,NA,NA,NA
v4_e_10_23,% Lenguaje saber 5 NS4 Medellín Nivel satisfactorio y avanzado,Nu,educación,NA,NA,NA
v4_e_1_024,matricula grado media mujeres adultas,Nu,Educación,NA,NA,NA
v4_e_10_24,% Matematica saber 5 Nivel insuficiente,Nu,educación,NA,NA,NA
v4_e_1_025,cobertura matricula mujeres adultas grado media,Nu,Educación,NA,NA,NA
v4_e_10_25,% Matematica saber 5 Nivel mínimo,Nu,educación,NA,NA,NA
v4_e_1_026,matricula grado transición hombres adultos,Nu,Educación,NA,NA,NA
v4_e_10_26,% Matematica saber 5 Nivel satisfactorio,Nu,educación,NA,NA,NA
v4_e_1_027,cobertura matricula hombres adultos grado transicion,Nu,Educación,NA,NA,NA
v4_e_10_27,% Matematica saber 5 Nivel sobresaliente o avanzado,Nu,educación,NA,NA,NA
v4_e_1_028,matricula grado primaria hombres adultos,Nu,Educación,NA,NA,NA
v4_e_10_28,% Matematica saber 5 Nivel insuficiente y mínimo,Nu,educación,NA,NA,NA
v4_e_1_029,cobertura matricula hombres adultos grado primaria,Nu,Educación,NA,NA,NA
v4_e_10_29,% Matematica saber 5 Nivel satisfactorio y avanzado,Nu,educación,NA,NA,NA
v4_e_10_3,Promedio en puntaje pruebas saber Quinto grado lenguaje (colegios privados),Nu,educación,NA,NA,NA
v4_e_1_030,matricula grado secundaria hombres adultos,Nu,Educación,NA,NA,NA
v4_e_10_30,% Matematica saber 5 NS1 Medellín Nivel satisfactorio y avanzado,Nu,educación,NA,NA,NA
v4_e_1_031,cobertura matricula hombres adultos grado secundaria,Nu,Educación,NA,NA,NA
v4_e_10_31,% Matematica saber 5 NS2 Medellín Nivel satisfactorio y avanzado,Nu,educación,NA,NA,NA
v4_e_1_032,matricula grado media hombres adultos,Nu,Educación,NA,NA,NA
v4_e_10_32,% Matematica saber 5 NS3 Medellín Nivel satisfactorio y avanzado,Nu,educación,NA,NA,NA
v4_e_1_033,cobertura matricula hombres adultos grado media,Nu,Educación,NA,NA,NA
v4_e_10_33,% Matematica saber 5 NS4 Medellín Nivel satisfactorio y avanzado,Nu,educación,NA,NA,NA
v4_e_1_034,Total matricula adultos grado transición,Nu,Educación,NA,NA,NA
v4_e_10_34,% Lenguaje saber 9 Nivel insuficiente,Nu,educación,NA,NA,NA
v4_e_1_035,total cobertura matricula adultos  grado transicion,Nu,Educación,NA,NA,NA
v4_e_10_35,% Lenguaje saber 9 Nivel mínimo,Nu,educación,NA,NA,NA
v4_e_1_036,Total matricula adultos grado primaria,Nu,Educación,NA,NA,NA
v4_e_10_36,% Lenguaje saber 9 Nivel satisfactorio,Nu,educación,NA,NA,NA
v4_e_1_037,Tota cobertura matricula adultos grado primaria,Nu,Educación,NA,NA,NA
v4_e_10_37,% Lenguaje saber 9 Nivel sobresaliente o avanzado,Nu,educación,NA,NA,NA
v4_e_1_038,Total matricula adultos grado secundaria,Nu,Educación,NA,NA,NA
v4_e_10_38,% Lenguaje saber 9 Nivel insuficiente y mínimo,Nu,educación,NA,NA,NA
v4_e_1_039,total cobertura matricula adultos  grado secundaria,Nu,Educación,NA,NA,NA
v4_e_10_39,% Lenguaje saber 9 Nivel satisfactorio y avanzado,Nu,educación,NA,NA,NA
v4_e_10_4,Promedio en puntaje pruebas saber Quinto grado lenguaje (Medellín),Nu,educación,NA,NA,NA
v4_e_1_040,Total matricula adultos grado media,Nu,Educación,NA,NA,NA
v4_e_10_40,% Lenguaje saber 9 NS1 Medellín Nivel satisfactorio y avanzado,Nu,educación,NA,NA,NA
v4_e_1_041,total cobertura matricula adultos  grado media,Nu,Educación,NA,NA,NA
v4_e_10_41,% Lenguaje saber 9 NS2 Medellín Nivel satisfactorio y avanzado,Nu,educación,NA,NA,NA
v4_e_10_42,% Lenguaje saber 9 NS3 Medellín Nivel satisfactorio y avanzado,Nu,educación,NA,NA,NA
v4_e_10_43,% Lenguaje saber 9 NS4 Medellín Nivel satisfactorio y avanzado,Nu,educación,NA,NA,NA
v4_e_10_44,% Matematica saber 9 Nivel insuficiente,Nu,educación,NA,NA,NA
v4_e_10_45,% Matematica saber 9 Nivel mínimo,Nu,educación,NA,NA,NA
v4_e_10_46,% Matematica saber 9 Nivel satisfactorio,Nu,educación,NA,NA,NA
v4_e_10_47,% Matematica saber 9 Nivel sobresaliente o avanzado,Nu,educación,NA,NA,NA
v4_e_10_48,% Matematica saber 9 Nivel insuficiente y mínimo,Nu,educación,NA,NA,NA
v4_e_10_49,% Matematica saber 9 Nivel satisfactorio y avanzado,Nu,educación,NA,NA,NA
v4_e_10_5,Promedio en puntaje pruebas saber Quinto grado matemáticas (colegios oficiales),Nu,educación,NA,NA,NA
v4_e_10_50,% Matematica saber 9 NS1 Medellín Nivel satisfactorio y avanzado,Nu,educación,NA,NA,NA
v4_e_10_51,% Matematica saber 9 NS2 Medellín Nivel satisfactorio y avanzado,Nu,educación,NA,NA,NA
v4_e_10_52,% Matematica saber 9 NS3 Medellín Nivel satisfactorio y avanzado,Nu,educación,NA,NA,NA
v4_e_10_53,% Matematica saber 9 NS4 Medellín Nivel satisfactorio y avanzado,Nu,educación,NA,NA,NA
v4_e_10_54,RESULTADO GENERAL PISA Lectura,Nu,educación,NA,NA,NA
v4_e_10_55,RESULTADO OFICIAL PISA Lectura,Nu,educación,NA,NA,NA
v4_e_10_56,RESULTADO NO OFICIAL PISA Lectura,Nu,educación,NA,NA,NA
v4_e_10_57,RESULTADO GENERAL PISA Matemáticas,Nu,educación,NA,NA,NA
v4_e_10_58,RESULTADO OFICIAL PISA Matemáticas,Nu,educación,NA,NA,NA
v4_e_10_59,RESULTADO NO OFICIAL PISA Matemáticas,Nu,educación,NA,NA,NA
v4_e_10_6,Promedio en puntaje pruebas saber Quinto grado matemáticas (colegios privados),Nu,educación,NA,NA,NA
v4_e_10_60,RESULTADO GENERAL PISA Ciencias,Nu,educación,NA,NA,NA
v4_e_10_61,RESULTADO OFICIAL PISA Ciencias,Nu,educación,NA,NA,NA
v4_e_10_62,RESULTADO NO OFICIAL PISA Ciencias,Nu,educación,NA,NA,NA
v4_e_10_63,PRUEBA PISA % Nivel por debajo del minimo en lenguaje,Nu,educación,NA,NA,NA
v4_e_10_64,PRUEBA PISA % Nivel por debajo del minimo en matemáticas,Nu,educación,NA,NA,NA
v4_e_10_65,PRUEBA PISA % Nivel por debajo del mínimo en ciencias,Nu,educación,NA,NA,NA
v4_e_10_66,% Lenguaje saber 5 COLEGIO OFICIAL Nivel insuficiente,Nu,educación,NA,NA,NA
v4_e_10_67,% Lenguaje saber 5 COLEGIO OFICIAL Nivel mínimo,Nu,educación,NA,NA,NA
v4_e_10_68,% Lenguaje saber 5 COLEGIO OFICIAL Nivel satisfactorio,Nu,educación,NA,NA,NA
v4_e_10_69,% Lenguaje saber 5 COLEGIO OFICIAL Nivel sobresaliente o avanzado,Nu,educación,NA,NA,NA
v4_e_10_7,Promedio en puntaje pruebas saber Quinto grado matemáticas (Medellín),Nu,educación,NA,NA,NA
v4_e_10_70,% Lenguaje saber 5 COLEGIO OFICIAL Nivel insuficiente y mínimo,Nu,educación,NA,NA,NA
v4_e_10_71,% Lenguaje saber 5 COLEGIO OFICIAL Nivel satisfactorio y avanzado,Nu,educación,NA,NA,NA
v4_e_10_72,% Lenguaje saber 5 COLEGIO PRIVADO Nivel insuficiente,Nu,educación,NA,NA,NA
v4_e_10_73,% Lenguaje saber 5 COLEGIO PRIVADO Nivel mínimo,Nu,educación,NA,NA,NA
v4_e_10_74,% Lenguaje saber 5 COLEGIO PRIVADO Nivel satisfactorio,Nu,educación,NA,NA,NA
v4_e_10_75,% Lenguaje saber 5 COLEGIO PRIVADO Nivel sobresaliente o avanzado,Nu,educación,NA,NA,NA
v4_e_10_76,% Lenguaje saber 5 COLEGIO PRIVADO Nivel insuficiente y mínimo,Nu,educación,NA,NA,NA
v4_e_10_77,% Lenguaje saber 5 COLEGIO PRIVADO Nivel satisfactorio y avanzado,Nu,educación,NA,NA,NA
v4_e_10_78,% Matematicas saber 5 COLEGIO OFICIAL Nivel insuficiente,Nu,educación,NA,NA,NA
v4_e_10_79,% Matematicas saber 5 COLEGIO OFICIAL Nivel mínimo,Nu,educación,NA,NA,NA
v4_e_10_8,Promedio en puntaje pruebas saber Noveno grado lenguaje (colegios oficiales),Nu,educación,NA,NA,NA
v4_e_10_80,% Matematicas saber 5 COLEGIO OFICIAL Nivel satisfactorio,Nu,educación,NA,NA,NA
v4_e_10_81,% Matematicas saber 5 COLEGIO OFICIAL Nivel sobresaliente o avanzado,Nu,educación,NA,NA,NA
v4_e_10_82,% Matematicas saber 5 COLEGIO OFICIAL Nivel insuficiente y mínimo,Nu,educación,NA,NA,NA
v4_e_10_83,% Matematicas saber 5 COLEGIO OFICIAL Nivel satisfactorio y avanzado,Nu,educación,NA,NA,NA
v4_e_10_84,% Matematicas saber 5 COLEGIO PRIVADO Nivel insuficiente,Nu,educación,NA,NA,NA
v4_e_10_85,% Matematicas saber 5 COLEGIO PRIVADO Nivel mínimo,Nu,educación,NA,NA,NA
v4_e_10_86,% Matematicas saber 5 COLEGIO PRIVADO Nivel satisfactorio,Nu,educación,NA,NA,NA
v4_e_10_87,% Matematicas saber 5 COLEGIO PRIVADO Nivel sobresaliente o avanzado,Nu,educación,NA,NA,NA
v4_e_10_88,% Matematicas saber 5 COLEGIO PRIVADO Nivel insuficiente y mínimo,Nu,educación,NA,NA,NA
v4_e_10_89,% Matematicas saber 5 COLEGIO PRIVADO Nivel satisfactorio y avanzado,Nu,educación,NA,NA,NA
v4_e_10_9,Promedio en puntaje pruebas saber Noveno grado lenguaje (colegios privados),Nu,educación,NA,NA,NA
v4_e_10_90,% Lenguaje saber 9 COLEGIO OFICIAL Nivel insuficiente,Nu,educación,NA,NA,NA
v4_e_10_91,% Lenguaje saber 9 COLEGIO OFICIAL Nivel mínimo,Nu,educación,NA,NA,NA
v4_e_10_92,% Lenguaje saber 9 COLEGIO OFICIAL Nivel satisfactorio,Nu,educación,NA,NA,NA
v4_e_10_93,% Lenguaje saber 9 COLEGIO OFICIAL Nivel sobresaliente o avanzado,Nu,educación,NA,NA,NA
v4_e_10_94,% Lenguaje saber 9 COLEGIO OFICIAL Nivel insuficiente y mínimo,Nu,educación,NA,NA,NA
v4_e_10_95,% Lenguaje saber 9 COLEGIO OFICIAL Nivel satisfactorio y avanzado,Nu,educación,NA,NA,NA
v4_e_10_96,% Lenguaje saber 9 COLEGIO PRIVADO Nivel insuficiente,Nu,educación,NA,NA,NA
v4_e_10_97,% Lenguaje saber 9 COLEGIO PRIVADO Nivel mínimo,Nu,educación,NA,NA,NA
v4_e_10_98,% Lenguaje saber 9 COLEGIO PRIVADO Nivel satisfactorio,Nu,educación,NA,NA,NA
v4_e_10_99,% Lenguaje saber 9 COLEGIO PRIVADO Nivel sobresaliente o avanzado,Nu,educación,NA,NA,NA
v4_e_113,Tasa de cobertura Educación Superior Area Metropolitana VA,Nu,educación,Sec.Educación,NA,NA
v4_e_119,Total matricula grado transición,Nu,Educación,NA,NA,NA
v4_e_120,Total matricula grado primaria,Nu,Educación,NA,NA,NA
v4_e_121,Total matricula grado secundaria,Nu,Educación,NA,NA,NA
v4_e_122,Total matricula grado media,Nu,Educación,NA,NA,NA
v4_e_130,Tasa de cobertura bruta educación inicial (3 y 4 años),Nu,educación,Sec.Educación,NA,NA
v4_e_1_33,Tasa de repitencia oficial total  (preescolar. básica y media),Nu,educación,Sec. de Educación,NA,NA
v4_e_1_34,Tasa de repitencia preescolar,Nu,educación,Sec. de Educación,NA,NA
v4_e_1_35,Tasa de extraedad primaria,Nu,educación,Sec. Educación. SIMAT,NA,NA
v4_e_1_36,Tasa de extraedad secundaria,Nu,educación,Sec. Educación. SIMAT,NA,NA
v4_e_1_37,Tasa de extraedad media,Nu,educación,Sec. Educación. SIMAT,NA,NA
v4_e_1_38,Tasa de extraedad en edad escolar,Nu,educación,NA,NA,NA
v4_e_1_50,Tasa de cobertura bruta educación superior Medellín a.m con posgrado,Nu,educación,Cálculos propios con base en SNIES. DANE para población,NA,NA
v4_e_1_51,Tasa de cobertura bruta educación superior Medellín a.m sin posgrado,Nu,educación,Cálculos propios con base en SNIES. DANE para población,NA,NA
v4_e_4_001,Desescolarización,Nu,Educación,NA,NA,NA
v4_e_4_002,Escolaridad,Nu,Educación,NA,NA,NA
v4_ee_001,Inflación anual Medellín,Nu,Mercado laboral,DANE,NA,NA
v4_ee_004,# de empresas constituidas,Nu,Entorno económico,CCMA,NA,NA
v4_ee_005,Número de sociedades liquidadas,Nu,Entorno económico,CCMA,NA,NA
v4_ee_012_1,Tasa del crecimiento del PIB (antioquia)*,Nu,Entorno económico,CCMA,Dane para 2004 y 2005 2006-2011 CCMA revisar cifras,NA
v4_ee_013,PIB Medellín per cápita a pesos corrientes,Nu,Entorno económico,NA,NA,NA
v4_ee_013_1,PIB Medellín en millones de pesos corrientes,Nu,Entorno económico,DAPM,Datos 2005-2006 Departamento Administrativo de Planeación de Medellín Cuentas Económicas municipales 2011 Estimaciones 2001-2004,NA
v4_ee_013_2,PIB Medellín en millones de pesos constantes (Base 2005),Nu,Entorno económico,NA,NA,NA
v4_ee_013_3,PIB Medellín per cápita a pesos constantes (Base 2005),Nu,Entorno económico,NA,NA,NA
v4_ee_015,Inversión extranjera directa ( en millones de dolares),Nu,Entorno económico,"Banco de la República, Sección de análisis económico y estadístico.",NA,NA
v4_ee_016,Tasa de crecimiento de las exportaciones (Antioquia),Nu,Entorno económico,Ban Rep seccional Antioquia,NA,NA
v4_ee_017_1,Valor de las exportaciones en millones de dólares CIF,Nu,Entorno económico,DANE (2004-2005)Ban Rep seccional Antioquia en adelante,NA,NA
v4_ee_018,Tasa de crecimiento de las importaciones (Antioquia),Nu,Entorno económico,DANE (2004-2005)Ban Rep seccional Antioquia en adelante,NA,NA
v4_ee_019,Valor de las importaciones en millones de dólares CIF,Nu,Entorno económico,Ban Rep seccional Antioquia,NA,NA
v4_ee_022,Tasa de crecimiento del PIB en Colombia,Nu,Entorno económico,Banco mundial,NA,NA
v4_ee_022_1,"Ingreso medio per cápita de la unidad de gasto (Pesos constantes de 2014),",Nu,Entorno económico,DANE,Para Medellín AM Es el ingreso per capita de la unidad de gasto entendida como los miembros del hogar sin servicio doméstico o sus familiares,NA
v4_ee_1_1,Tasa de crecimiento de sociedadas constituidas (# de empresas),Ca,Entorno económico,CCMA,NA,NA
v4_ee_1_10,Tasa neta de creación de empresas (sociedades jurídicas en Medellín),Nu,Entorno económico,CCMA,NA,NA
v4_ee_1_11,Densidad empresarial,Nu,Entorno económico,CCMA,NA,NA
v4_ee_1_13,Número de empresas micro,Nu,Entorno económico,Ministerio de las TICs,NA,NA
v4_ee_1_14,Número de empresas pequeña,Nu,Entorno económico,NA,NA,NA
v4_ee_1_15,Número de empresas mediana,Nu,Entorno económico,NA,NA,NA
v4_ee_1_16,Número de empresas grande,Ca,Entorno económico,Revista America Economía,NA,NA
v4_ee_1_2,Capital constituido en miles de pesos,Nu,Entorno económico,CCMA,NA,NA
v4_ee_1_3,Tasa de crecimiento de sociedadas constituidas (capital constituido),Nu,Entorno económico,CCMA,NA,NA
v4_ee_1_4,Número total de empresas registradas en Medellín *,Nu,Entorno económico,CCMA,NA,NA
v4_ee_1_5,Tasa de liquidación empresarial *,Nu,Entorno económico,CCMA,NA,NA
v4_ee_1_6,Tasa de creación de empresas *,Nu,Entorno económico,CCMA,NA,NA
v4_ee_1_8,Tasa de liquidación empresarial (tasa de salida) (sociedades jurídicas en Medellín,Nu,Entorno económico,CCMA,NA,NA
v4_ee_1_9,Tasa de creación de empresas (Tasa de entrada) (sociedades jurídicas en Medellín),Nu,Entorno económico,CCMA,NA,NA
v5_ml_001,Tasa global de participación Medellín y AM,Nu,Mercado laboral,DANE,Promedios móviles doce meses a a diciembre,NA
v5_ml_002_02,Tasa de ocupación Medellín y AM,Nu,Mercado laboral,DANE,Promedios móviles doce meses a a diciembre,NA
v5_ml_003,% informales,Nu,Mercado laboral,DANE - Anexo de informalidad. cálculos propios,Trimestre octubre -diciembre,NA
v5_ml_003_01,Población en edad de trabajar Medellín y AM - Nro.,Nu,Mercado laboral,DANE,Cálculos propios con base en metodología DANE en anexos,NA
v5_ml_003_02,Población económicamente activa Medellín y AM - Nro.,Nu,Mercado laboral,DANE,Cálculos propios con base en metodología DANE en anexos,NA
v5_ml_003_03,Ocupados Medellín y AM - Nro.,Nu,Mercado laboral,DANE,Cálculos propios con base en metodología DANE en anexos,NA
v5_ml_003_04,Desocupados Medellín y AM - Nro.,Nu,Mercado laboral,DANE,Cálculos propios con base en metodología DANE en anexos,NA
v5_ml_003_07,Población inactiva Medellín y AM - Nro.,Nu,Mercado laboral,DANE,Cálculos propios con base en metodología DANE en anexos,NA
v5_ml_003_08,Subempleados Subjetivos Medellín y AM - Nro.,Nu,Mercado laboral,DANE,Cálculos propios con base en metodología DANE en anexos,NA
v5_ml_003_1,% Formales,Nu,Mercado laboral,DANE - Anexo de informalidad. cálculos propios,Trimestre octubre -diciembre,NA
v5_ml_003_12,Subempleados Objetivos Medellín y AM - Nro.,Nu,Mercado laboral,DANE,Cálculos propios con base en metodología DANE en anexos,NA
v5_ml_003_2,Porcentaje de informalidad empresarial,Nu,Entorno económico,CCMA,NA,NA
v5_ml_004,Tasa de desempleo Medellín y AM,Nu,Mercado laboral,DANE,Promedios móviles doce meses a a diciembre,NA
v5_ml_0_04,Trabajo,Nu,Mercado laboral,NA,NA,NA
v5_ml_004_03,Tasa de subempleo subjetivo Medellín y AM,Nu,Mercado laboral,DANE,Promedios móviles doce meses a a diciembre,NA
v5_ml_010,Tasa de subempleo objetivo Medellín y AM,Nu,Mercado laboral,DANE,Promedios móviles doce meses a a diciembre,NA
v5_ml_013,Formales,Nu,Mercado laboral,DANE - Anexo de informalidad. Ventana Ciudades,Trimestre octubre -diciembre,NA
v5_ml_013_1,Informales,Nu,Mercado laboral,DANE - Anexo de informalidad,Trimestre octubre -diciembre,NA
v5_ml_1_000,TGP - 13 áreas,Nu,Mercado laboral,DANE,Promedios móviles doce meses a a diciembre,NA
v5_ml_1_001,TO - 13 áreas,Nu,Mercado laboral,DANE,Promedios móviles doce meses a a diciembre,NA
v5_ml_1_002,TD - 13 áreas,Nu,Mercado laboral,DANE,Promedios móviles doce meses a a diciembre,NA
v5_ml_1_003,Ocupados trimestre octubre -diciembre,Nu,Mercado laboral,DANE - Anexo de informalidad,Trimestre octubre -diciembre,NA
v6_sc_001_05,%  homicidios hombres,Nu,Pobreza y equidad,NA,NA,NA
v6_sc_001_06,% homicidios mujeres,Nu,Pobreza y equidad,NA,NA,NA
v6_sc_001_07,# homicidios hombres,Nu,Pobreza y equidad,"INML, SIJIN, CTI, SISC-Secretaría de seguridad de Medellín",NA,NA
v6_sc_001_08,# de homicidios mujeres,Nu,Pobreza y equidad,"INML, SIJIN, CTI, SISC-Secretaría de seguridad de Medellín",NA,NA
v6_sc_001_74,Tasa de atracos callejeros * 100 mil hab.,Nu,Pobreza y equidad,Cálculos propios,NA,NA
v6_sc_001_75,Hurto de bienes a entidades financieras,Nu,Pobreza y equidad,SIJIN y CTI de la Fiscalía,NA,NA
v6_sc_001_81,Tasa de vehículos hurtados * 100 mil hab.,Nu,Pobreza y equidad,Cálculo propio,NA,NA
v6_sc_001_82,Tasa de hurtos a bienes en entidades comerciales,Nu,Pobreza y equidad,NA,NA,NA
v6_sc_001_83,Tasa de hurtos a bienes en entidades financieras,Nu,Pobreza y equidad,Cálculos propios,NA,NA
v6_sc_005,Tasa de homicidios por cien mil habitantes,Nu,Pobreza y equidad,"INML, SIJIN, CTI, SISC-Secretaría de seguridad de Medellín",NA,NA
v6_sc_01_1,# de homicidios en menores de edad (0-17 años),Nu,Pobreza y equidad,"INML, SIJIN, CTI, SISC-Secretaría de seguridad de Medellín",NA,NA
v6_sc_01_10,% arma blanca,Nu,Pobreza y equidad,NA,NA,NA
v6_sc_01_11,# de homicidios cometidos con otros tipos de armas,Nu,Pobreza y equidad,"INML, SIJIN, CTI, SISC-Secretaría de seguridad de Medellín",NA,NA
v6_sc_01_12,% otros tipos,Nu,Pobreza y equidad,NA,NA,NA
v6_sc_01_2,% 0-17 años,Nu,Pobreza y equidad,NA,NA,NA
v6_sc_01_3,# de homicidios em adolescentes (12-17 años),Nu,Pobreza y equidad,"INML, SIJIN, CTI, SISC-Secretaría de seguridad de Medellín",NA,NA
v6_sc_013_74,Hurto de bienes en entidades comerciales,Nu,Pobreza y equidad,NA,NA,NA
v6_sc_01_4,% 12- 17 años,Nu,Pobreza y equidad,NA,NA,NA
v6_sc_01_5,# de homicidios en jóvenes (14-28 años),Nu,Pobreza y equidad,"INML, SIJIN, CTI, SISC-Secretaría de seguridad de Medellín",NA,NA
v6_sc_01_6,% 14 -18 años,Nu,Pobreza y equidad,NA,NA,NA
v6_sc_01_7,# de homicidios cometidos por armas de fuego,Nu,Pobreza y equidad,"INML, SIJIN, CTI, SISC-Secretaría de seguridad de Medellín",NA,NA
v6_sc_01_8,% armas de fuego,Nu,Pobreza y equidad,NA,NA,NA
v6_sc_019,# de moticicletas robadas,Nu,Pobreza y equidad,SIJIN Y CTI DE LA FISCALÍA,NA,NA
v6_sc_01_9,# de homicidios cometidos por arma blanca,Nu,Pobreza y equidad,"INML, SIJIN, CTI, SISC-Secretaría de seguridad de Medellín",NA,NA
v6_sc_023,# de Vehículos hurtados,Nu,Pobreza y equidad,NA,NA,NA
v6_sc_024,# de personas secuestradas en Medellín,Nu,Pobreza y equidad,Concertación Policía Nacional - Fiscalía,NA,NA
v6_sc_028,Total de homicidios,Nu,Seguridad,NA,NA,NA
v6_sc_029,Tasa de muertes violentas por cada cien mil habitantes,Nu,Pobreza y equidad,"SISDEC, SIAVAC-SIVELSE. INML, SIJIN, CTI, Secretaría de Gobierno de Medellín",NA,NA
v6_sc_030,Suicidios,Nu,Pobreza y equidad,NA,NA,NA
v6_sc_041,Víctimas de delitos sexuales,Nu,Pobreza y equidad,CAIVAS,NA,NA
v6_sc_042,Víctimas de violencia intrafamiliar,Nu,Pobreza y equidad,THETA,NA,NA
v6_sc_0_74,Hurto de bienes en viviendas,Nu,Pobreza y equidad,SIJIN y CTI de la Fiscalía,NA,NA
v6_sc_10_001,# de carros robados,Nu,Pobreza y equidad,SIJIN Y CTI DE LA FISCALÍA,NA,NA
v6_sc_1_001,Libertad y seguridad,Nu,Seguridad ciudadana,NA,NA,NA
v6_sc_1_1,Hurto de bienes a personas en espacio público,Nu,Pobreza y equidad,SIJIN y CTI de la Fiscalía,NA,NA
v6_sc_1_11,Violencia indeterminada,Nu,Pobreza y equidad,NA,NA,NA
v6_sc_1_12,Lesiones no fatales,Nu,Pobreza y equidad,"SIAVAC-SIVELCE, Instituto Nacional de Medicina Legal y Ciencias Forenses",NA,NA
v6_sc_1_13,Maltrato al menor,Nu,Pobreza y equidad,NA,NA,NA
v6_sc_1_14,Maltrato de pareja,Nu,Pobreza y equidad,NA,NA,NA
v6_sc_1_15,Sexológico,Nu,Pobreza y equidad,NA,NA,NA
v6_sc_1_16,Maltrato entre otros familiares,Nu,Pobreza y equidad,NA,NA,NA
v6_sc_1_17,Violencia interpersonal,Nu,Pobreza y equidad,NA,NA,NA
v6_sc_1_18,Tasa de lesiones no fatales,Nu,Pobreza y equidad,NA,NA,NA
v6_sc_1_2,Ley 1098,Nu,Pobreza y equidad,NA,NA,NA
v6_sc_1_20,Tasa de hurto de bienes en residencias,Nu,Pobreza y equidad,Cálculos propios,NA,NA
v6_sc_1_21,Número de denuncias por extorsión o vacuna,Nu,Pobreza y equidad,SIJIN,NA,NA
v6_sc_1_22,"Vulneración de derechos de niños, niñas y adolescentes",Nu,Pobreza y equidad,THETA,NA,NA
v6_sc_1_23,Menores de edad víctimas de violencia intrafamiliar,Nu,Pobreza y equidad,NA,NA,NA
v6_sc_1_24,Tasa de denuncias  de vuneración de derechos de niños... * 100 mil hab.,Nu,Pobreza y equidad,NA,NA,NA
v6_sc_1_25,Desplazamiento forzado intraurbano (incluidos),Nu,Pobreza y equidad,NA,NA,NA
v6_sc_1_26,Desplazamiento forzado como municipio expulsor sin contar intraurbano,Nu,Pobreza y equidad,NA,NA,NA
v6_sc_1_27,Desplazamiento forzado como municipio expulsor sin contar intraurbano (incluidos),Nu,Pobreza y equidad,NA,NA,NA
v6_sc_1_28,Desplazamiento forzado como municipio receptor sin contar intraurbano,Nu,Pobreza y equidad,NA,NA,NA
v6_sc_1_29,Desplazamiento forzado como municipio receptor sin contar intraurbano (incluidos),Nu,Pobreza y equidad,NA,NA,NA
v6_sc_1_30,# de personas que declaran desplazamiento forzado intraurbano,Nu,Pobreza y equidad,Personería de Medellín,NA,NA
v6_sc_1_31,Tasa de secuestro * 100 mil hab.,Nu,Pobreza y equidad,NA,NA,NA
v6_sc_1_32,Número de denuncias por desaparición forzada (apareció muerto),Nu,Pobreza y equidad,"SIRDEC, INML",NA,NA
v6_sc_1_33,"# de denuncias por desaparición forzada, apareció vivo",Nu,Pobreza y equidad,"SIRDEC, INML",NA,NA
v6_sc_1_34,# de denuncias por desaparición forzada continua desaparecido,Nu,Pobreza y equidad,"SIRDEC, INML",NA,NA
v6_sc_1_35,# armas de fuego incautadas en Medellín,Nu,Pobreza y equidad,SIJIN,NA,NA
v6_sc_1_36,# de armas de fuego incautadas en el área metropolitana (sin Medellín),Nu,Pobreza y equidad,SIJIN,NA,NA
v6_sc_1_4,Otros accidentes,Nu,Pobreza y equidad,NA,NA,NA
v6_sc_1_7,Desplazamiento forzado intraurbano de personas,Nu,Pobreza y equidad,Unidad Administrativa Especial para la Atención y Reparación a las Víctimas,NA,NA
v7_v_003,Tasa de cobertura de acueducto,Nu,Pobreza y equidad,EPM,NA,NA
v7_v_005,Agua no contabilizada (agua producida - agua facturada)/agua producida,Nu,Pobreza y equidad,EPM,"Debido a la conformación del Sistema Metropolitano de Acueducto de EPM, el cual se encuentra interconectado en un 98%, se cuenta con un indicador general del sistema y la subdivisión es por circuitos (zonas de distribución) mas no por municipios",NA
v7_v_006,Tasa de cobertura de alcantarillado sanitario,Nu,Pobreza y equidad,EPM,NA,NA
v7_v_009_01,Generación de residuos sólidos totales (ton),Nu,Pobreza y equidad,NA,NA,NA
v7_v_0_12,Matrículas ficticias,Nu,VIVIENDA,NA,NA,NA
v7_v_013,Déficit cuantitativo de vivienda por estrato,Nu,VIVIENDA,NA,NA,NA
v7_v_013_2,Déficit cuantitativo de vivienda  estrato 1,Nu,VIVIENDA,Departamento Administrativo de Planeación. Base de datos SISBEN Versión III - Plan de Ordenamiento Territorial,NA,NA
v7_v_013_3,Déficit cuantitativo de vivienda  estrato 2,Nu,VIVIENDA,NA,NA,NA
v7_v_013_4,Déficit cuantitativo de vivienda  estrato 3,Nu,VIVIENDA,NA,NA,NA
v7_v_013_5,Déficit cuantitativo de vivienda  estrato 4,Nu,VIVIENDA,NA,NA,NA
v7_v_013_6,Déficit cuantitativo de vivienda  estrato 5,Nu,VIVIENDA,NA,NA,NA
v7_v_013_7,Déficit cuantitativo de vivienda por estrato,Nu,VIVIENDA,NA,NA,NA
v7_v_013_90,Déficit cuantitativo de vivienda  estrato 6,Nu,VIVIENDA,NA,NA,NA
v7_v_019_1,Tasa de cobertura de energía eléctrica,Nu,Pobreza y equidad,EPM,NA,NA
v7_v_021,Tasa de cobertura de gas domiciliario,Nu,Pobreza y equidad,EPM,NA,NA
v7_v_022_1,Tasa de cobertura de recolección de basuras,Nu,Pobreza y equidad,EVM,NA,NA
v7_v_025_1,"Número de suscriptores a internet dedicado (banda ancha+banda angosta) por mil hab,",Ca,Entorno económico,U Rosario e Inteligencia de Negocios Chile,NA,NA
v7_v_025_2,grupos investigación,Nu,Entorno económico,NA,NA,NA
v7_v_054,Viviendas en riesgo,Ca,VIVIENDA,Departamento Administrativo de Planeación. Instalaciones de Energia Residencial - Plan de Ordenamiento Territorial,NA,NA
v7_v_1_000,# viviendas Estrato seis,Nu,VIVIENDA,NA,NA,NA
v7_v_10_000,Viviendas por comuna,Nu,VIVIENDA,NA,NA,NA
v7_v_10_001,Viviendas por zona,Nu,VIVIENDA,Departamento Administrativo de Planeación,NA,NA
v7_v_1_001,# viviendas Estrato uno,Nu,VIVIENDA,Departamento Administrativo de Planeación,NA,NA
v7_v_1_002,# viviendas Estrato dos,Nu,VIVIENDA,NA,NA,NA
v7_v_1_003,# viviendas Estrato tres,Nu,VIVIENDA,NA,NA,NA
v7_v_1_004,# viviendas Estrato cuatro,Nu,VIVIENDA,NA,NA,NA
v7_v_1_005,# viviendas Estrato cinco,Nu,VIVIENDA,NA,NA,NA
v7_v_1_006,"Total de viviendas en estratos 1,2 y 3",Nu,VIVIENDA,Cálculos propios con base en información del DAPM,NA,NA
v7_v_1_009,Total de viviendas Medellín,Nu,VIVIENDA,Cálculos propios con base en información del DAPM,NA,NA
v7_v_20_000,"% de deficit sobre total de viviendas (estratos 1, 2 y 3)",Nu,VIVIENDA,Cálculos propios con base en información del DAPM,NA,NA
v7_v_2_1,Clientes activos energía (residenciales),Nu,Pobreza y equidad,EPM - subdirección de relación con entes territoriales,"El total de clientes activos a partir de 2011 corresponde a los clientes activos residenciales del mercado regulado, es decir, la suma de clientes correspondientes a los estratos 1, 2, 3, 4, 5, 6","Para 2011 en adelante los datos utilizados son parte del archivo titulado Rad_201620020652_Activos_Suspendidos_Medellin_2011_2015_1461358OC558943, recibido el 2 de marzo de 2016. Solo se tuvo en cuenta el total de clientes activos. No se le sumó el total de clientes suspendidos"
v7_v_2_10,Total morosos energía,Nu,Pobreza y equidad,NA,NA,NA
v7_v_2_11,Nro. de clientes morosos de aguas no residencial,Nu,Pobreza y equidad,NA,NA,NA
v7_v_2_12,Nro. de clientes morosos de aguas residencial,Nu,Pobreza y equidad,NA,NA,NA
v7_v_2_13,Total morosos agua,Nu,Pobreza y equidad,NA,NA,NA
v7_v_2_14,Nro. de clientes morosos de gas no residencial,Nu,Pobreza y equidad,NA,NA,NA
v7_v_2_15,Nro. de clientes morosos de gas residencial,Nu,Pobreza y equidad,NA,NA,NA
v7_v_2_16,Total morosos gas,Nu,Pobreza y equidad,NA,NA,NA
v7_v_2_17,Clientes morosos energía entre dos y siete cuentas (residenciales),Nu,Pobreza y equidad,EPM - subdirección de relación con entes territoriales,NA,NA
v7_v_2_18,Clientes morosos energía mas de siete cuentas (residenciales),Nu,Pobreza y equidad,EPM - subdirección de relación con entes territoriales,NA,NA
v7_v_2_19,Clientes morosos agua entre dos y siete cuentas (residenciales),Nu,Pobreza y equidad,EPM - subdirección de relación con entes territoriales,NA,NA
v7_v_2_2,Clientes activos energía prepago mercado regulado (residenciales),Nu,Pobreza y equidad,NA,Clientes del mercado residencial,"Para 2011 en adelante los datos utilizados son parte del archivo titulado Rad_201620020652_Activos_Suspendidos_Medellin_2011_2015_1461358OC558943, recibido el 2 de marzo de 2016"
v7_v_2_20,Clientes morosos agua mas de siete cuentas (residenciales),Nu,Pobreza y equidad,EPM - subdirección de relación con entes territoriales,NA,NA
v7_v_2_21,Clientes morosos gas entre dos y siete cuentas (residenciales),Nu,Pobreza y equidad,EPM - subdirección de relación con entes territoriales,NA,NA
v7_v_2_22,Clientes morosos gas mas de siete cuentas (residenciales),Nu,Pobreza y equidad,EPM - subdirección de relación con entes territoriales,NA,NA
v7_v_2_23,Penetración del servicio de gas domiciliario residencial,Nu,Pobreza y equidad,EPM,NA,NA
v7_v_2_24,Penetración del servicio de gas domiciliario residencial Estrato 1,Nu,Pobreza y equidad,EPM,NA,NA
v7_v_2_25,Penetración del servicio de gas domiciliario residencial Estrato 2,Nu,Pobreza y equidad,EPM,NA,NA
v7_v_2_26,Penetración del servicio de gas domiciliario residencial Estrato 3,Nu,Pobreza y equidad,EPM,NA,NA
v7_v_2_27,Penetración del servicio de gas domiciliario residencial Estrato 4,Nu,Pobreza y equidad,EPM,NA,NA
v7_v_2_28,Penetración del servicio de gas domiciliario residencial Estrato 5,Nu,Pobreza y equidad,EPM,NA,NA
v7_v_2_29,Penetración del servicio de gas domiciliario residencial Estrato 6,Nu,Pobreza y equidad,EPM,NA,NA
v7_v_2_3,Clientes activos acueducto (residenciales),Nu,Pobreza y equidad,NA,"El total de clientes activos a partir de 2011 corresponde a los clientes activos del mercado regulado, sin sumarles los clientes correspondientes a energía prepago del mercado regulado","Para 2011 en adelante los datos utilizados son parte del archivo titulado Rad_201620020652_Activos_Suspendidos_Medellin_2011_2015_1461358OC558943, recibido el 2 de marzo de 2016. Solo se tuvo en cuenta el total de clientes activos. No se le sumó el total de clientes suspendidos"
v7_v_2_30,Consumo promedio de agua potable (litro/habitante/día),Nu,Pobreza y equidad,EPM,"El cálculo del indicador de consumo de litro/habitante/día se hace con referencia a las proyecciones de vivienda realizadas por el DANE. Se adoptó un valor promedio de personas por vivienda de 3,4.",NA
v7_v_2_31,Consumo promedio agua potable. Estrato 1,Nu,Pobreza y equidad,EPM,"Según la OMS el mínimo vital de agua está representado en 2500 litros (2,5m3).",NA
v7_v_2_32,Consumo promedio agua potable. Estrato 2,Nu,Pobreza y equidad,EPM,Actualizada al mes de diciembre de cada año reportado,NA
v7_v_2_33,Consumo promedio agua potable. Estrato 3,Nu,Pobreza y equidad,EPM,Actualizada al mes de diciembre de cada año reportado,NA
v7_v_2_34,Consumo promedio agua potable. Estrato 4,Nu,Pobreza y equidad,EPM,Actualizada al mes de diciembre de cada año reportado,NA
v7_v_2_35,Consumo promedio agua potable. Estrato 5,Nu,Pobreza y equidad,EPM,Actualizada al mes de diciembre de cada año reportado,NA
v7_v_2_36,Consumo promedio agua potable. Estrato 6,Nu,Pobreza y equidad,EPM,Actualizada al mes de diciembre de cada año reportado,NA
v7_v_2_37,Consumo promedio agua residual. Estrato 1,Nu,Pobreza y equidad,EPM,"Los consumos promedio se tomaron del archivo Req 1172753 - OC 448651, dividiendo el consumo total por el total de usuarios de cada estrato",NA
v7_v_2_38,Consumo promedio agua residual. Estrato 2,Nu,Pobreza y equidad,EPM,"Los consumos promedio se tomaron del archivo Req 1172753 - OC 448651, dividiendo el consumo total por el total de usuarios de cada estrato",NA
v7_v_2_39,Consumo promedio agua residual. Estrato 3,Nu,Pobreza y equidad,EPM,"Los consumos promedio se tomaron del archivo Req 1172753 - OC 448651, dividiendo el consumo total por el total de usuarios de cada estrato",NA
v7_v_2_4,Clientes activos agua potable prepago (residenciales),Nu,Pobreza y equidad,NA,NA,"Para 2011 en adelante los datos utilizados son parte del archivo titulado Rad_201620020652_Activos_Suspendidos_Medellin_2011_2015_1461358OC558943, recibido el 2 de marzo de 2016"
v7_v_2_40,Consumo promedio agua residual. Estrato 4,Nu,Pobreza y equidad,EPM,"Los consumos promedio se tomaron del archivo Req 1172753 - OC 448651, dividiendo el consumo total por el total de usuarios de cada estrato",NA
v7_v_2_41,Consumo promedio agua residual. Estrato 5,Nu,Pobreza y equidad,EPM,"Los consumos promedio se tomaron del archivo Req 1172753 - OC 448651, dividiendo el consumo total por el total de usuarios de cada estrato",NA
v7_v_2_42,Consumo promedio agua residual. Estrato 6,Nu,Pobreza y equidad,EPM,"Los consumos promedio se tomaron del archivo Req 1172753 - OC 448651, dividiendo el consumo total por el total de usuarios de cada estrato",NA
v7_v_2_43,Consumo promedio energía. Estrato 1,Nu,Pobreza y equidad,EPM,"Los consumos promedio se tomaron del archivo Req 1172753 - OC 448651, dividiendo el consumo total por el total de usuarios de cada estrato",NA
v7_v_2_44,Consumo promedio energía. Estrato 2,Nu,Pobreza y equidad,EPM,"Los consumos promedio se tomaron del archivo Req 1172753 - OC 448651, dividiendo el consumo total por el total de usuarios de cada estrato",NA
v7_v_2_45,Consumo promedio energía. Estrato 3,Nu,Pobreza y equidad,EPM,"Los consumos promedio se tomaron del archivo Req 1172753 - OC 448651, dividiendo el consumo total por el total de usuarios de cada estrato",NA
v7_v_2_46,Consumo promedio energía. Estrato 4,Nu,Pobreza y equidad,EPM,"Los consumos promedio se tomaron del archivo Req 1172753 - OC 448651, dividiendo el consumo total por el total de usuarios de cada estrato",NA
v7_v_2_47,Consumo promedio energía. Estrato 5,Nu,Pobreza y equidad,EPM,"Los consumos promedio se tomaron del archivo Req 1172753 - OC 448651, dividiendo el consumo total por el total de usuarios de cada estrato",NA
v7_v_2_48,Consumo promedio energía. Estrato 6,Nu,Pobreza y equidad,EPM,"Los consumos promedio se tomaron del archivo Req 1172753 - OC 448651, dividiendo el consumo total por el total de usuarios de cada estrato",NA
v7_v_2_49,Consumo promedio gas. Estrato 1,Nu,Pobreza y equidad,EPM,"Los consumos promedio se tomaron del archivo Req 1172753 - OC 448651, dividiendo el consumo total por el total de usuarios de cada estrato",NA
v7_v_2_5,Clientes activos alcantarillado (residenciales),Nu,Pobreza y equidad,NA,"El total de clientes activos a partir de 2011 corresponde a los clientes activos del mercado regulado, sin sumarles los clientes correspondientes a energía prepago del mercado regulado","Para 2011 en adelante los datos utilizados son parte del archivo titulado Rad_201620020652_Activos_Suspendidos_Medellin_2011_2015_1461358OC558943, recibido el 2 de marzo de 2016. Solo se tuvo en cuenta el total de clientes activos. No se le sumó el total de clientes suspendidos"
v7_v_2_50,Consumo promedio gas. Estrato 2,Nu,Pobreza y equidad,EPM,"Los consumos promedio se tomaron del archivo Req 1172753 - OC 448651, dividiendo el consumo total por el total de usuarios de cada estrato",NA
v7_v_2_51,Consumo promedio gas. Estrato 3,Nu,Pobreza y equidad,EPM,"Los consumos promedio se tomaron del archivo Req 1172753 - OC 448651, dividiendo el consumo total por el total de usuarios de cada estrato",NA
v7_v_2_52,Consumo promedio gas. Estrato 4,Nu,Pobreza y equidad,EPM,"Los consumos promedio se tomaron del archivo Req 1172753 - OC 448651, dividiendo el consumo total por el total de usuarios de cada estrato",NA
v7_v_2_53,Consumo promedio gas. Estrato 5,Nu,Pobreza y equidad,EPM,"Los consumos promedio se tomaron del archivo Req 1172753 - OC 448651, dividiendo el consumo total por el total de usuarios de cada estrato",NA
v7_v_2_54,Consumo promedio gas. Estrato 6,Nu,Pobreza y equidad,EPM,"Los consumos promedio se tomaron del archivo Req 1172753 - OC 448651, dividiendo el consumo total por el total de usuarios de cada estrato",NA
v7_v_2_55,"Porcentaje de de generación de energía eléctrica mediante fuentes de generación renovable sobre el total del consumo (incluyendo grandes represas hidroeléctricas, en años hidrológicos promedio).",Nu,Pobreza y equidad,EPM,NA,NA
v7_v_2_56,"Porcentaje de la provisión de energía proveniente de fuentes renovables no convencionales (incluyendo mini-hidros, calentadores solares, fotovoltaica, biomasa renovable, etc).",Nu,Pobreza y equidad,EPM,NA,NA
v7_v_2_57,Agua residual total general facturada (m3/año),Nu,Pobreza y equidad,EPM,NA,m3/año
v7_v_2_58,Agua residual no tratada conectada al sistema de alcantarillado (m3/año),Nu,Pobreza y equidad,EPM,NA,NA
v7_v_2_59,Agua residual total tratada en Planta San Fernando (m3/año),Nu,Pobreza y equidad,EPM,NA,NA
v7_v_2_6,Clientes activos alcantarillado prepago (residenciales),Nu,Pobreza y equidad,NA,NA,"Para 2011 en adelante los datos utilizados son parte del archivo titulado Rad_201620020652_Activos_Suspendidos_Medellin_2011_2015_1461358OC558943, recibido el 2 de marzo de 2016"
v7_v_2_60,Agua residual no tratada no conectada al sistema de alcantarillado (m3/año),Nu,Pobreza y equidad,EPM,NA,NA
v7_v_2_61,Porcentaje de agua residual tratada en Planta de San Fernando como porcentaje del total de agua residual generada por el sistema de alcantarillado,Nu,Pobreza y equidad,EPM,NA,NA
v7_v_2_62,Recolección de residuos sólidos (ton/año),Nu,Pobreza y equidad,NA,NA,NA
v7_v_2_63,Recolección de residuos sólidos per cápita/día (kg/hab/día),Nu,Pobreza y equidad,NA,NA,NA
v7_v_2_64,Disposición final de residuos sólidos según origen - Medellín,Nu,Pobreza y equidad,NA,NA,NA
v7_v_2_65,Disposición de residuos sólidos per cápita (kg/hab/día),Nu,Pobreza y equidad,NA,NA,NA
v7_v_2_66,Beneficiarios del programa de mínimo vital de agua (hogares),Nu,Pobreza y equidad,Secretaría de Calidad y Servicio a la Ciudadanía,NA,NA
v7_v_2_67,Beneficiarios del programa de mínimo vital de agua (personas),Nu,Pobreza y equidad,Secretaría de Calidad y Servicio a la Ciudadanía,NA,NA
v7_v_2_68,Ahorro promedio m3 de acueducto,Nu,Pobreza y equidad,Secretaría de Calidad y Servicio a la Ciudadanía,NA,NA
v7_v_2_69,Ahorro promedio m3 de alcantarillado,Nu,Pobreza y equidad,Secretaría de Calidad y Servicio a la Ciudadanía,NA,NA
v7_v_2_7,Clientes activos gas (residenciales),Nu,Pobreza y equidad,NA,"El total de clientes activos a partir de 2011 corresponde a los clientes activos del mercado regulado, sin sumarles los clientes correspondientes a energía prepago del mercado regulado","Para 2011 en adelante los datos utilizados son parte del archivo titulado Rad_201620020652_Activos_Suspendidos_Medellin_2011_2015_1461358OC558943, recibido el 2 de marzo de 2016. Solo se tuvo en cuenta el total de clientes activos. No se le sumó el total de clientes suspendidos"
v7_v_2_70,Ahorro promedio de ingresos destinados al servicio de agua,Nu,Pobreza y equidad,Secretaría de Calidad y Servicio a la Ciudadanía,NA,NA
v7_v_2_8,Nro. de clientes morosos de energía no residencial,Nu,Pobreza y equidad,EPM - subdirección de relación con entes territoriales,NA,NA
v7_v_2_9,Nro. de clientes morosos de energía residencial,Nu,Pobreza y equidad,NA,NA,NA
v7_v_4_001,Acceso a servicios públicos,Nu,Vivienda y Servicios públicos,NA,NA,NA
v7_v_4_002,Capital físico del hogar,Nu,Vivienda y Servicios públicos,NA,NA,NA
v7_v_4_003,Entorno y calidad de vivienda,Nu,Vivienda y Servicios públicos,NA,NA,NA
v8_ma_004,Generación de residuos sólidos per cápita/día (kg/hab/día),Nu,Pobreza y equidad,NA,NA,NA
v8_ma_1_001,Medio ambiente,Nu,Medio ambiente,NA,NA,NA
v9_m_0_02,Movilidad,Nu,Movilidad,NA,NA,NA
v9_m_016,Accidentes de tránsito,Nu,Pobreza y equidad,"SISDEC, SIAVAC-SIVELSE. Instituto Nacional de Medicina Legal y Ciencias Forenses",NA,NA
v9_m_035,Tiempo promedio de desplazamiento (minutos),Nu,Movilidad Vial,Secretaría de Ty T - Subdirección de Información,En 2012 está en proceso la Encuesta Origen y destino,NA
v9_m_1_001,Cobertura de troncales de transporte( Km troncales hoy/ Kms troncales planeados),Nu,Movilidad Vial,Metroplus - Subdirección de Información,"*Mide tramo de Metroplus ejecutado, corredor de la CL 30 a Aranjuez = 49,000M y Proyectado = 97,914M.",NA
v9_m_1_002,Nro. de buses chatarrizados Área Metropolitana,Nu,Movilidad Vial,AMVA,AMVA. La cifra para el Área Metropolitana Incluye a Medellín.,NA
v9_m_1_003,Nro. de buses chatarrizados Medellín,Nu,Movilidad Vial,AMVA,NA,NA
v9_m_1_004,PROMEDIO DTL,Nu,AFLUENCIA TOTAL DEL SITVA,Subdirección de Información - Metro de Medellín,NA,NA
v9_m_1_005,PROMEDIO SAB,Nu,AFLUENCIA TOTAL DEL SITVA,Subdirección de Información - Metro de Medellín,NA,NA
v9_m_1_006,PROMEDIO DOM,Nu,AFLUENCIA TOTAL DEL SITVA,Subdirección de Información - Metro de Medellín,NA,NA
v9_m_1_007,TOTAL PROMEDIO,Nu,AFLUENCIA TOTAL DEL SITVA,Subdirección de Información - Metro de Medellín,NA,NA
v9_m_1_008,LÍNEA A,Nu,AFLUENCIA TOTAL DEL SITVA,Subdirección de Información - Metro de Medellín,NA,NA
v9_m_1_009,LÍNEA B,Nu,AFLUENCIA TOTAL DEL SITVA,Subdirección de Información - Metro de Medellín,NA,NA
v9_m_1_010,LÍNEA K,Nu,AFLUENCIA TOTAL DEL SITVA,Subdirección de Información - Metro de Medellín,NA,NA
v9_m_1_011,LÍNEA J,Nu,AFLUENCIA TOTAL DEL SITVA,Subdirección de Información - Metro de Medellín,NA,NA
v9_m_1_012,LÍNEA L,Nu,AFLUENCIA TOTAL DEL SITVA,Subdirección de Información - Metro de Medellín,NA,NA
v9_m_1_013,LÍNEA 1,Nu,AFLUENCIA TOTAL DEL SITVA,Subdirección de Información - Metro de Medellín,NA,NA
v9_m_1_014,LÍNEA 2,Nu,AFLUENCIA TOTAL DEL SITVA,Subdirección de Información - Metro de Medellín,NA,NA
v9_m_1_015,CUENCA 3,Nu,AFLUENCIA TOTAL DEL SITVA,Subdirección de Información - Metro de Medellín,NA,NA
v9_m_1_016,CUENCA 6,Nu,AFLUENCIA TOTAL DEL SITVA,Subdirección de Información - Metro de Medellín,NA,NA
v9_m_1_017,TOTAL,Nu,AFLUENCIA TOTAL DEL SITVA,Subdirección de Información - Metro de Medellín,NA,NA
