Anio,v0_ep_001,v0_ep_003,v0_ep_005,v0_ep_006,v0_ep_010,v0_ep_010_1,v0_ep_011,v0_ep_011_1,v0_ep_012,v0_ep_012_1,v0_ep_013,v0_ep_014,v0_ep_015,v0_ep_016,v0_ep_017,v0_ep_018,v0_ep_019,v0_ep_020,v0_ep_021,v10_ep_001_02,v10_ep_001_03,v10_ep_001_04,v10_ep_001_05,v10_ep_001_06,v10_ep_001_07,v10_ep_001_08,v10_ep_001_09,v10_ep_001_10,v10_ep_001_11,v10_ep_001_12,v10_ep_001_13,v10_ep_001_14,v10_ep_001_15,v10_ep_001_16,v10_ep_001_17,v10_ep_001_18,v10_ep_001_19,v10_ep_001_20,v10_ep_001_21,v10_ep_001_22,v10_ep_001_23,v10_ep_001_24,v10_ep_001_25,v10_ep_001_26,v10_ep_001_27,v10_ep_001_28,v10_ep_001_29,v10_ep_001_30,v10_ep_001_31,v10_ep_001_32,v10_ep_001_33,v10_ep_001_34,v10_ep_001_35,v14_ee_0_10,v14_ee_0_122,v14_ee_0_123,v14_ee_0_124,v14_ee_0_125,v14_ee_0_126,v14_ee_0_127,v14_ee_0_128,v14_ee_0_129,v14_ee_0_13,v14_ee_0_130,v14_ee_0_131,v14_ee_0_132,v14_ee_0_133,v14_ee_0_134,v14_ee_0_135,v14_ee_0_136,v14_ee_0_137,v14_ee_0_14,v14_ee_0_15,v14_ee_0_16,v14_ee_0_17,v14_ee_0_18,v14_ee_0_19,v14_ee_0_2,v14_ee_0_20,v14_ee_0_21,v14_ee_0_22,v14_ee_0_23,v14_ee_0_24,v14_ee_0_25,v14_ee_0_26,v14_ee_0_27,v14_ee_0_28,v14_ee_0_29,v14_ee_0_3,v14_ee_0_30,v14_ee_0_31,v14_ee_0_32,v14_ee_0_33,v14_ee_0_34,v14_ee_0_35,v14_ee_0_36,v14_ee_0_37,v14_ee_0_38,v14_ee_0_39,v14_ee_0_4,v14_ee_0_40,v14_ee_0_41,v14_ee_0_42,v14_ee_0_43,v14_ee_0_44,v14_ee_0_45,v14_ee_0_46,v14_ee_0_47,v14_ee_0_48,v14_ee_0_49,v14_ee_0_5,v14_ee_0_50,v14_ee_0_51,v14_ee_0_52,v14_ee_0_53,v14_ee_0_54,v14_ee_0_55,v14_ee_0_56,v14_ee_0_57,v14_ee_0_58,v14_ee_0_59,v14_ee_0_6,v14_ee_0_60,v14_ee_0_61,v14_ee_0_62,v14_ee_0_63,v14_ee_0_64,v14_ee_0_65,v14_ee_0_66,v14_ee_0_67,v14_ee_0_68,v14_ee_0_69,v14_ee_0_7,v14_ee_0_70,v14_ee_0_71,v14_ee_0_72,v14_ee_0_73,v14_ee_0_74,v14_ee_0_75,v14_ee_0_76,v14_ee_0_77,v14_ee_0_78,v14_ee_0_79,v14_ee_0_8,v14_ee_0_80,v14_ee_0_81,v14_ee_0_82,v14_ee_0_83,v14_ee_0_84,v14_ee_0_85,v14_ee_0_86,v14_ee_0_87,v14_ee_0_88,v14_ee_0_89,v14_ee_0_9,v14_ee_0_90,v14_ee_0_91,v14_ee_0_92,v14_ee_0_93,v14_ee_0_94,v14_ee_0_95,v14_ee_0_96,v14_ee_0_97,v14_ee_0_98,v14_ee_0_99,v1_cr_001_10,v1_cr_009,v1_cr_009_01,v1_cr_009_02,v1_cr_009_03,v1_cr_009_04,v1_cr_034,v1_cr_0_67,v1_cr_0_68,v1_cr_0_69,v1_cr_0_70,v1_cr_0_71,v1_cr_0_72,v1_cr_0_73,v1_cr_0_74,v1_cr_0_75,v1_cr_0_76,v1_cr_0_77,v1_cr_0_78,v1_cr_0_79,v1_cr_0_80,v1_cr_0_81,v1_cr_0_82,v1_d_001,v1_d_001_01,v1_d_001_02,v1_d_001_03,v1_d_001_04,v1_d_001_05,v1_d_001_06,v1_d_001_07,v2_p_001,v2_p_002,v2_p_009,v3_gp_000_1,v3_gp_000_10,v3_gp_000_11,v3_gp_000_12,v3_gp_000_13,v3_gp_000_14,v3_gp_000_15,v3_gp_000_16,v3_gp_000_17,v3_gp_000_18,v3_gp_000_19,v3_gp_000_2,v3_gp_000_20,v3_gp_000_21,v3_gp_000_23,v3_gp_000_24,v3_gp_000_25,v3_gp_000_26,v3_gp_000_27,v3_gp_000_28,v3_gp_000_29,v3_gp_000_3,v3_gp_000_30,v3_gp_000_31,v3_gp_000_32,v3_gp_000_33,v3_gp_000_34,v3_gp_000_35,v3_gp_000_36,v3_gp_000_37,v3_gp_000_38,v3_gp_000_39,v3_gp_000_4,v3_gp_000_40,v3_gp_000_41,v3_gp_000_42,v3_gp_000_43,v3_gp_000_47,v3_gp_000_5,v3_gp_000_6,v3_gp_000_7,v3_gp_000_8,v3_gp_000_9,v3_gp_006,v3_gp_006_01,v3_gp_006_02,v3_gp_006_03,v3_gp_006_04,v3_gp_006_05,v3_gp_006_06,v3_gp_006_07,v3_gp_006_08,v3_gp_006_09,v3_gp_006_10,v3_gp_006_11,v3_gp_006_12,v3_gp_006_13,v3_gp_006_14,v3_gp_006_15,v3_gp_006_16,v3_gp_006_17,v3_gp_006_18,v3_gp_006_19,v3_gp_006_20,v3_gp_006_21,v3_gp_006_22,v3_gp_006_23,v3_gp_006_24,v3_gp_006_25,v3_gp_006_26,v3_gp_006_27,v3_gp_006_28,v3_gp_006_29,v3_gp_006_30,v3_gp_006_31,v3_gp_006_32,v3_gp_006_33,v3_gp_006_34,v3_gp_006_35,v3_gp_006_36,v3_gp_006_37,v3_gp_006_38,v3_gp_006_39,v3_gp_014,v3_gp_024,v3_gp_035_04,v3_gp_035_05,v3_gp_035_15,v3_s_005,v3_s_006,v3_s_007,v3_s_008,v3_s_009,v3_s_010_1,v3_s_010_2,v3_s_011,v3_s_013,v3_s_014,v3_s_015,v3_s_016,v3_s_017,v3_s_021,v3_s_022,v3_s_024,v3_s_029,v3_s_030,v3_s_045,v3_s_058,v3_s_059,v3_s_060,v3_s_061,v3_s_062,v3_s_063,v3_s_064,v3_s_065,v3_s_066,v3_s_067,v3_s_068,v3_s_069,v3_s_070,v3_s_071,v3_s_072,v3_s_073,v3_s_074,v3_s_075,v3_s_076,v3_s_077,v3_s_078,v3_s_078_09,v3_s_079,v3_s_080,v3_s_089,v3_s_090,v3_s_091,v3_s_092,v4_e_001,v4_e_002,v4_e_003,v4_e_004,v4_e_012,v4_e_013,v4_e_014,v4_e_015,v4_e_016,v4_e_018,v4_e_019,v4_e_022,v4_e_026,v4_e_040,v4_e_045,v4_e_050,v4_e_058,V4_e_060,v4_e_061,v4_e_062,V4_e_063,v4_e_064,v4_e_065,v4_e_0_99,v4_e_114,v4_e_115,v4_e_119,v4_e_120,v4_e_121,v4_e_122,v4_e_151,v4_e_160,v4_e_161,v4_e_162,v4_e_163,v4_e_164,v4_e_165,v4_e_166,v4_e_167,v4_e_168,v4_e_169,v4_e_170,v4_e_171,v4_e_174,v4_e_175,v4_e_176,v4_e_177,v4_e_178,v4_e_179,v4_e_180,v4_e_181,v4_e_182,v4_e_183,v4_e_184,v4_e_185,v4_e_186,v4_e_187,v4_e_188,v4_e_189,v4_e_190,v4_e_191,v4_e_192,v4_e_193,v4_e_194,v4_e_195,v4_e_196,v4_e_197,v4_e_198,v4_e_199,v4_e_200,v4_e_201,v4_e_205,v4_e_206,v4_e_207,v4_e_208,v4_e_209,v4_e_210,v4_e_211,v4_e_212,v4_e_213,v4_e_214,v4_e_215,v4_e_216,v4_ee_001,v4_ee_011,v4_ee_013,v4_e_R181,v4_e_R182,v4_e_R183,v4_e_R184,v5_ml_002,v5_ml_003,v5_ml_003_01,v5_ml_003_02,v5_ml_003_04,v5_ml_003_08,v5_ml_004,v5_ml_004_03,v5_ml_005,v5_ml_0_1,v5_ml_013,v5_ml_0_2,v5_ml_020,v5_ml_0_3,v5_ml_0_4,v5_ml_0_5,v5_ml_0_6,v5_ml_0_7,v5_ml_0_8,v5_ml_0_9,v5_ml_3_003,v6_sc_001_75,v6_sc_001_79,v6_sc_004,v6_sc_005_01,v6_sc_0_1,v6_sc_0_10,v6_sc_0_11,v6_sc_0_12,v6_sc_0_13,v6_sc_0_14,v6_sc_0_15,v6_sc_016,v6_sc_0_16,v6_sc_0_17,v6_sc_018,v6_sc_0_18,v6_sc_019,v6_sc_0_19,v6_sc_0_2,v6_sc_0_20,v6_sc_021,v6_sc_0_21,v6_sc_0_22,v6_sc_023,v6_sc_0_23,v6_sc_024,v6_sc_0_24,v6_sc_0_25,v6_sc_0_26,v6_sc_027,v6_sc_0_27,v6_sc_028,v6_sc_0_28,v6_sc_028_01,v6_sc_028_02,v6_sc_028_03,v6_sc_028_04,v6_sc_028_05,v6_sc_028_06,v6_sc_028_07,v6_sc_028_08,v6_sc_028_09,v6_sc_028_10,v6_sc_028_11,v6_sc_028_12,v6_sc_028_13,v6_sc_028_14,v6_sc_028_15,v6_sc_028_16,v6_sc_028_17,v6_sc_028_18,v6_sc_028_19,v6_sc_028_20,v6_sc_028_21,v6_sc_0_29,v6_sc_0_3,v6_sc_0_30,v6_sc_031,v6_sc_0_31,v6_sc_031_01,v6_sc_031_02,v6_sc_031_03,v6_sc_031_04,v6_sc_031_05,v6_sc_031_06,v6_sc_031_07,v6_sc_031_08,v6_sc_031_09,v6_sc_031_10,v6_sc_031_11,v6_sc_031_12,v6_sc_031_13,v6_sc_031_14,v6_sc_031_15,v6_sc_031_16,v6_sc_031_17,v6_sc_0_32,v6_sc_0_33,v6_sc_0_34,v6_sc_0_35,v6_sc_0_36,v6_sc_0_37,v6_sc_0_38,v6_sc_0_39,v6_sc_0_4,v6_sc_0_40,v6_sc_0_41,v6_sc_042,v6_sc_0_42,v6_sc_0_43,v6_sc_0_44,v6_sc_045,v6_sc_0_45,v6_sc_0_46,v6_sc_0_47,v6_sc_0_48,v6_sc_0_49,v6_sc_0_5,v6_sc_0_50,v6_sc_0_51,v6_sc_0_52,v6_sc_0_53,v6_sc_0_54,v6_sc_0_55,v6_sc_0_56,v6_sc_0_57,v6_sc_0_58,v6_sc_0_59,v6_sc_0_6,v6_sc_0_60,v6_sc_0_61,v6_sc_0_62,v6_sc_0_7,v6_sc_0_8,v7_v_001_01,v7_v_001_84,v7_v_003,v7_v_006,v7_v_008,v7_v_014_1,v7_v_015,v7_v_015_1,v7_v_016,v7_v_019_1,v7_v_021,v7_v_026_1,v7_v_030,v7_v_055,v7_v_092,v7_v_093,v7_v_094,v7_v_095,v7_v_096,v7_v_097,v7_v_098,v7_v_099,v7_v_100,v7_v_101,v7_v_1_01,v7_v_102,v7_v_103,v7_v_104,v7_v_105,v7_v_106,v7_v_107,v7_v_108,v7_v_109,v7_v_110,v7_v_111,v7_v_112,v7_v_113,v7_v_114,v7_v_115,v7_v_116,v7_v_117,v7_v_118,v7_v_119,v7_v_120,v7_v_121,v7_v_122,v7_v_123,v7_v_124,v7_v_125,v7_v_126,v7_v_127,v7_v_128,v7_v_129,v7_v_130,v7_v_131,v7_v_132,v7_v_133,v7_v_134,v7_v_135,v7_v_136,v7_v_137,v7_v_138,v7_v_139,v7_v_140,v7_v_141,v7_v_142,v7_v_143,v7_v_144,v7_v_145,v7_v_146,v7_v_147,v7_v_148,v7_v_149,v7_v_150,v7_v_151,v7_v_152,v7_v_153,v7_v_154,v7_v_155,v7_v_156,v7_v_157,v7_v_158,v7_v_159,v7_v_160,v7_v_161,v7_v_162,v7_v_163,v7_v_164,v7_v_165,v7_v_166,v7_v_167,v7_v_1_67,v7_v_168,v7_v_1_68,v7_v_169,v7_v_170,v7_v_171,v7_v_172,v7_v_173,v7_v_174,v7_v_175,v7_v_176,v7_v_177,v7_v_178,v7_v_179,v7_v_180,v7_v_181,v7_v_182,v7_v_183,v7_v_184,v8_ma_00_1,v8_ma_00_10,v8_ma_00_11,v8_ma_00_12,v8_ma_00_13,v8_ma_00_14,v8_ma_00_15,v8_ma_00_17,v8_ma_00_18,v8_ma_00_19,v8_ma_00_2,v8_ma_00_20,v8_ma_00_21,v8_ma_00_22,v8_ma_00_23,v8_ma_00_24,v8_ma_00_25,v8_ma_00_26,v8_ma_00_27,v8_ma_00_28,v8_ma_00_29,v8_ma_00_3,v8_ma_00_30,v8_ma_00_31,v8_ma_00_32,v8_ma_00_33,v8_ma_00_34,v8_ma_00_35,v8_ma_00_36,v8_ma_00_37,v8_ma_00_38,v8_ma_00_39,v8_ma_00_4,v8_ma_00_40,v8_ma_00_41,v8_ma_00_42,v8_ma_00_43,v8_ma_00_44,v8_ma_00_45,v8_ma_00_46,v8_ma_00_47,v8_ma_00_48,v8_ma_00_49,v8_ma_00_5,v8_ma_00_50,v8_ma_00_51,v8_ma_00_52,v8_ma_00_53,v8_ma_00_6,v8_ma_00_7,v8_ma_00_8,v8_ma_00_9,v8_ma_015_01,v8_ma_015_02,v8_ma_023,v8_ma_03,v8_ma_039,v8_ma_039_1,v8_ma_04,v8_ma_040,v8_ma_040_1,v8_ma_042,v8_ma_042_1,v8_ma_05_01,v8_ma_05_02,v8_ma_05_03,v8_ma_05_04,v8_ma_05_05,v9_m_001_45,v9_m_001_46,v9_m_001_47,v9_m_001_48,v9_m_005_07,v9_m_005_10,v9_m_007,v9_m_007_01,v9_m_007_02,v9_m_007_03,v9_m_007_04,v9_m_007_05,v9_m_007_06,v9_m_009,v9_m_0_1,v9_m_0_10,v9_m_0_100,v9_m_0_101,v9_m_0_102,v9_m_0_103,v9_m_0_104,v9_m_0_105,v9_m_0_106,v9_m_0_107,v9_m_0_108,v9_m_0_109,v9_m_0_11,v9_m_0_110,v9_m_0_111,v9_m_0_112,v9_m_0_113,v9_m_0_114,v9_m_0_115,v9_m_0_116,v9_m_0_117,v9_m_0_118,v9_m_0_119,v9_m_0_12,v9_m_0_120,v9_m_0_121,v9_m_0_122,v9_m_0_123,v9_m_0_124,v9_m_0_13,v9_m_0_14,v9_m_0_15,v9_m_016,v9_m_0_16,v9_m_016_01,v9_m_016_02,v9_m_016_03,v9_m_016_04,v9_m_016_05,v9_m_016_06,v9_m_016_07,v9_m_016_08,v9_m_016_09,v9_m_016_10,v9_m_016_11,v9_m_016_12,v9_m_0_17,v9_m_018,v9_m_0_18,v9_m_0_19,v9_m_0_2,v9_m_0_20,v9_m_0_21,v9_m_0_22,v9_m_0_23,v9_m_0_24,v9_m_0_25,v9_m_0_26,v9_m_0_27,v9_m_0_28,v9_m_0_29,v9_m_0_3,v9_m_0_30,v9_m_0_31,v9_m_0_33,v9_m_0_34,v9_m_0_35,v9_m_0_36,v9_m_0_37,v9_m_0_38,v9_m_0_39,v9_m_0_4,v9_m_0_40,v9_m_0_41,v9_m_0_42,v9_m_0_43,v9_m_0_44,v9_m_045,v9_m_0_45,v9_m_045_1,v9_m_045_2,v9_m_045_3,v9_m_045_4,v9_m_045_5,v9_m_046,v9_m_0_46,v9_m_047,v9_m_0_47,v9_m_0_48,v9_m_0_49,v9_m_0_5,v9_m_0_50,v9_m_0_51,v9_m_0_52,v9_m_0_53,v9_m_0_55,v9_m_0_56,v9_m_0_57,v9_m_0_58,v9_m_0_59,v9_m_0_6,v9_m_0_60,v9_m_0_61,v9_m_0_62,v9_m_0_63,v9_m_0_64,v9_m_0_65,v9_m_0_66,v9_m_0_67,v9_m_0_68,v9_m_0_69,v9_m_0_7,v9_m_0_70,v9_m_071,v9_m_0_71,v9_m_072,v9_m_0_72,v9_m_073,v9_m_0_73,v9_m_073_01,v9_m_0_74,v9_m_0_75,v9_m_076,v9_m_0_76,v9_m_0_77,v9_m_0_78,v9_m_0_79,v9_m_0_8,v9_m_0_80,v9_m_0_81,v9_m_0_82,v9_m_0_83,v9_m_0_84,v9_m_0_85,v9_m_0_86,v9_m_0_87,v9_m_0_88,v9_m_0_89,v9_m_0_9,v9_m_0_90,v9_m_0_91,v9_m_0_92,v9_m_0_93,v9_m_0_94,v9_m_0_95,v9_m_0_96,v9_m_0_97,v9_m_0_98,v9_m_0_99,v9_m_129
2000,NA,NA,NA,NA,NA,NA,NA,NA,NA,NA,NA,NA,NA,NA,NA,NA,NA,NA,NA,NA,NA,NA,NA,NA,NA,NA,48171,NA,NA,NA,NA,NA,NA,NA,NA,NA,NA,NA,NA,NA,NA,NA,NA,NA,NA,NA,NA,NA,NA,NA,NA,NA,NA,NA,NA,NA,NA,NA,NA,NA,NA,NA,NA,NA,NA,NA,NA,NA,NA,NA,NA,NA,NA,NA,NA,NA,NA,NA,NA,NA,NA,NA,NA,NA,NA,NA,NA,NA,NA,NA,NA,NA,NA,NA,NA,NA,NA,NA,NA,NA,NA,NA,NA,NA,NA,NA,NA,NA,NA,NA,NA,NA,NA,NA,NA,NA,NA,NA,NA,NA,NA,NA,NA,NA,NA,NA,NA,NA,NA,NA,NA,NA,NA,NA,NA,NA,NA,NA,NA,NA,NA,NA,NA,NA,NA,NA,NA,NA,NA,NA,NA,NA,NA,NA,NA,NA,NA,NA,NA,NA,NA,NA,NA,NA,NA,NA,NA,NA,NA,NA,NA,NA,NA,NA,NA,NA,NA,NA,NA,NA,NA,NA,NA,NA,NA,NA,NA,NA,1998623,NA,NA,NA,NA,NA,NA,NA,NA,NA,NA,NA,NA,82650,32230,80851,NA,NA,NA,NA,NA,258687,NA,197147,13369,NA,NA,NA,NA,NA,NA,NA,NA,NA,NA,NA,NA,NA,NA,NA,NA,NA,NA,NA,NA,NA,NA,NA,56,NA,NA,NA,499178,NA,NA,NA,NA,NA,NA,NA,NA,NA,NA,NA,NA,NA,NA,NA,NA,NA,NA,NA,NA,NA,NA,NA,NA,NA,NA,NA,NA,NA,NA,NA,NA,NA,NA,NA,NA,NA,NA,NA,NA,NA,NA,NA,125.31,100.77,NA,80.7,NA,NA,73.9,NA,13.9,482.409703504,16.7,51.4,78,72.9,NA,65.7,NA,NA,NA,11.6,31.4,NA,NA,NA,NA,NA,NA,NA,NA,NA,NA,NA,NA,NA,NA,NA,NA,NA,NA,NA,713,NA,NA,NA,NA,NA,NA,NA,NA,NA,NA,NA,NA,NA,NA,NA,NA,NA,NA,NA,NA,NA,NA,NA,NA,NA,NA,NA,NA,NA,NA,NA,NA,NA,NA,NA,NA,NA,NA,NA,NA,NA,NA,NA,NA,NA,NA,NA,NA,NA,NA,NA,NA,NA,NA,NA,NA,NA,NA,NA,NA,NA,NA,NA,NA,NA,NA,NA,NA,NA,NA,NA,NA,NA,NA,NA,NA,NA,NA,NA,NA,NA,NA,NA,NA,NA,NA,NA,NA,NA,NA,NA,NA,8.08,NA,12017976,NA,NA,NA,NA,55,NA,NA,NA,NA,NA,15.7,37.1,NA,NA,NA,NA,NA,NA,NA,NA,NA,NA,NA,NA,NA,56,145,NA,91,NA,NA,NA,NA,NA,NA,NA,NA,NA,NA,618,NA,370,NA,NA,NA,NA,NA,NA,1034,NA,107,NA,NA,NA,NA,NA,NA,NA,NA,NA,NA,NA,NA,NA,NA,NA,NA,NA,NA,NA,NA,NA,NA,NA,NA,NA,NA,NA,NA,NA,NA,NA,NA,NA,NA,NA,NA,NA,NA,NA,NA,NA,NA,NA,NA,NA,NA,NA,NA,NA,NA,NA,NA,NA,NA,NA,NA,NA,NA,NA,NA,NA,NA,308,NA,NA,1964,NA,NA,NA,NA,NA,NA,NA,NA,NA,NA,NA,NA,NA,NA,NA,NA,NA,NA,NA,NA,NA,NA,NA,NA,95.9,83.6,NA,NA,NA,NA,NA,NA,NA,NA,NA,NA,NA,NA,NA,NA,NA,NA,NA,NA,NA,NA,NA,NA,NA,NA,NA,NA,NA,NA,NA,NA,NA,NA,NA,NA,NA,NA,NA,NA,NA,NA,NA,NA,NA,NA,NA,NA,NA,NA,NA,NA,NA,NA,NA,NA,NA,NA,NA,NA,NA,NA,NA,NA,NA,NA,NA,NA,NA,NA,NA,NA,NA,NA,NA,NA,NA,NA,12,NA,12,NA,NA,NA,NA,NA,NA,NA,NA,NA,NA,NA,NA,NA,NA,NA,NA,NA,NA,NA,NA,NA,NA,NA,NA,NA,NA,NA,NA,NA,NA,NA,NA,NA,NA,NA,NA,NA,NA,NA,NA,NA,NA,NA,NA,NA,NA,NA,NA,NA,NA,NA,NA,NA,NA,NA,NA,NA,NA,NA,NA,NA,NA,NA,NA,NA,NA,NA,NA,NA,NA,NA,NA,NA,NA,NA,NA,NA,NA,NA,NA,NA,NA,NA,27260,NA,532837,32648,NA,NA,NA,NA,NA,NA,NA,NA,NA,NA,NA,NA,312139,1883,NA,NA,NA,NA,NA,NA,NA,NA,NA,NA,NA,NA,NA,NA,NA,NA,NA,NA,NA,NA,NA,NA,NA,NA,NA,NA,NA,NA,NA,NA,NA,NA,NA,NA,NA,NA,NA,NA,NA,NA,21917,NA,NA,NA,NA,NA,NA,NA,NA,NA,NA,NA,NA,NA,NA,467,NA,NA,NA,NA,NA,NA,NA,NA,NA,NA,NA,NA,NA,NA,NA,NA,NA,19468,NA,NA,NA,NA,NA,NA,NA,NA,NA,NA,NA,NA,NA,NA,NA,NA,NA,NA,NA,NA,NA,NA,NA,NA,NA,NA,NA,NA,NA,NA,NA,NA,NA,NA,NA,NA,NA,NA,NA,NA,NA,NA,NA,NA,NA,NA,NA,208303,NA,64896,NA,35385,NA,3555,NA,NA,NA,NA,NA,NA,NA,NA,NA,NA,NA,NA,NA,NA,NA,NA,NA,NA,NA,NA,NA,NA,NA,NA,NA,NA,NA,NA,NA,NA
2001,5029435,NA,NA,2.53,NA,NA,NA,NA,NA,NA,NA,NA,NA,NA,NA,NA,NA,NA,NA,NA,NA,NA,NA,NA,NA,NA,21721,NA,NA,NA,NA,NA,NA,NA,NA,NA,NA,NA,NA,NA,NA,NA,NA,NA,NA,NA,NA,NA,NA,NA,NA,NA,NA,NA,NA,NA,NA,NA,NA,NA,NA,NA,NA,NA,NA,NA,NA,NA,NA,NA,NA,NA,NA,NA,NA,NA,NA,NA,NA,NA,NA,NA,NA,NA,NA,NA,NA,NA,NA,NA,NA,NA,NA,NA,NA,NA,NA,NA,NA,NA,NA,NA,NA,NA,NA,NA,NA,NA,NA,NA,NA,NA,NA,NA,NA,NA,NA,NA,NA,NA,NA,NA,NA,NA,NA,NA,NA,NA,NA,NA,NA,NA,NA,NA,NA,NA,NA,NA,NA,NA,NA,NA,NA,NA,NA,NA,NA,NA,NA,NA,NA,NA,NA,NA,NA,NA,NA,NA,NA,NA,NA,NA,NA,NA,NA,NA,NA,NA,NA,NA,NA,NA,NA,NA,NA,NA,NA,NA,NA,NA,NA,NA,NA,NA,NA,NA,NA,NA,2022178,NA,NA,NA,NA,NA,NA,NA,NA,NA,NA,NA,NA,103244,36392,96928,NA,NA,NA,NA,NA,197780,NA,165685,10374,NA,NA,NA,NA,NA,NA,NA,NA,NA,NA,NA,NA,NA,NA,NA,NA,NA,NA,NA,NA,NA,NA,NA,54,NA,NA,NA,536350,NA,NA,NA,NA,NA,NA,NA,NA,NA,NA,NA,NA,NA,NA,NA,NA,NA,NA,NA,NA,NA,NA,NA,NA,NA,NA,NA,NA,NA,NA,NA,NA,NA,NA,NA,NA,NA,NA,NA,NA,NA,NA,NA,146.78,4.71,NA,66.8,NA,NA,100,NA,17.1,511.0413436693,20.2,81,100,100,NA,100,NA,NA,NA,10,26.6,NA,NA,NA,NA,NA,NA,NA,NA,NA,NA,NA,NA,NA,NA,NA,NA,NA,NA,NA,654,NA,NA,NA,NA,NA,NA,NA,NA,NA,NA,NA,NA,NA,NA,NA,NA,NA,NA,NA,NA,NA,NA,NA,NA,NA,NA,NA,NA,NA,NA,NA,NA,NA,NA,NA,NA,NA,NA,NA,NA,NA,NA,NA,NA,NA,NA,NA,NA,NA,NA,NA,NA,NA,NA,NA,NA,NA,NA,NA,NA,NA,NA,NA,NA,NA,NA,NA,NA,NA,NA,NA,NA,NA,NA,NA,NA,NA,NA,NA,NA,NA,NA,NA,NA,NA,NA,NA,NA,NA,NA,NA,NA,8.25,NA,12398924,NA,NA,NA,NA,57.5,NA,1622,1110,177,421,16,37.9,NA,NA,NA,NA,933,NA,NA,NA,NA,NA,NA,NA,NA,36,91,NA,93,NA,NA,NA,NA,NA,NA,NA,NA,NA,NA,429,NA,551,NA,NA,NA,NA,NA,NA,869,NA,51,NA,NA,NA,NA,NA,NA,NA,NA,NA,NA,NA,NA,NA,NA,NA,NA,NA,NA,NA,NA,NA,NA,NA,NA,NA,NA,NA,NA,NA,NA,NA,NA,NA,NA,NA,NA,NA,NA,NA,NA,NA,NA,NA,NA,NA,NA,NA,NA,NA,NA,NA,NA,NA,NA,NA,NA,NA,NA,NA,NA,NA,NA,2827,NA,NA,2055,NA,NA,NA,NA,NA,NA,NA,NA,NA,NA,NA,NA,NA,NA,NA,NA,NA,NA,NA,NA,NA,NA,NA,NA,96,86.3,NA,NA,NA,NA,NA,NA,NA,NA,NA,NA,NA,NA,NA,NA,NA,NA,NA,NA,NA,NA,NA,NA,NA,NA,NA,NA,NA,NA,NA,NA,NA,NA,NA,NA,NA,NA,NA,NA,NA,NA,NA,NA,NA,NA,NA,NA,NA,NA,NA,NA,NA,NA,NA,NA,NA,NA,NA,NA,NA,NA,NA,NA,NA,NA,NA,NA,NA,NA,NA,NA,NA,NA,NA,NA,NA,NA,18,NA,18,NA,NA,NA,NA,NA,NA,NA,NA,NA,NA,NA,NA,NA,NA,NA,NA,NA,NA,NA,NA,NA,NA,NA,NA,NA,NA,NA,NA,NA,NA,NA,NA,NA,NA,NA,NA,NA,NA,NA,NA,NA,NA,NA,NA,NA,NA,NA,NA,NA,NA,NA,NA,NA,NA,NA,NA,NA,NA,NA,NA,NA,NA,NA,NA,NA,NA,NA,NA,NA,NA,NA,NA,NA,NA,NA,NA,NA,NA,NA,NA,NA,NA,NA,26174,NA,568517,26842,NA,NA,NA,NA,NA,NA,NA,NA,NA,NA,NA,NA,321411,1994,NA,NA,NA,NA,NA,NA,NA,NA,NA,NA,NA,NA,NA,NA,NA,NA,NA,NA,NA,NA,NA,NA,NA,NA,NA,NA,NA,NA,NA,NA,NA,NA,NA,NA,NA,NA,NA,NA,NA,NA,19200,NA,NA,NA,NA,NA,NA,NA,NA,NA,NA,NA,NA,NA,NA,355,NA,NA,NA,NA,NA,NA,NA,NA,NA,NA,NA,NA,NA,NA,NA,NA,NA,16328,NA,NA,NA,NA,NA,NA,NA,NA,NA,NA,NA,NA,NA,NA,NA,NA,NA,NA,NA,NA,NA,NA,NA,NA,NA,NA,NA,NA,NA,NA,NA,NA,NA,NA,NA,NA,NA,NA,NA,NA,NA,NA,NA,NA,NA,NA,NA,214527,NA,65157,NA,38161,NA,3566,NA,NA,NA,NA,NA,NA,NA,NA,NA,NA,NA,NA,NA,NA,NA,NA,NA,NA,NA,NA,NA,NA,NA,NA,NA,NA,NA,NA,NA,NA
2002,NA,NA,NA,NA,NA,NA,NA,NA,NA,NA,NA,NA,NA,NA,NA,NA,NA,NA,NA,NA,NA,NA,NA,NA,NA,NA,28408,NA,NA,NA,NA,NA,NA,NA,NA,NA,NA,NA,NA,NA,NA,NA,NA,NA,NA,NA,NA,NA,NA,NA,NA,NA,NA,NA,NA,NA,NA,NA,NA,NA,NA,NA,NA,NA,NA,NA,NA,NA,NA,NA,NA,NA,NA,NA,NA,NA,NA,NA,NA,NA,NA,NA,NA,NA,NA,NA,NA,NA,NA,NA,NA,NA,NA,NA,NA,NA,NA,NA,NA,NA,NA,NA,NA,NA,NA,NA,NA,NA,NA,NA,NA,NA,NA,NA,NA,NA,NA,NA,NA,NA,NA,NA,NA,NA,NA,NA,NA,NA,NA,NA,NA,NA,NA,NA,NA,NA,NA,NA,NA,NA,NA,NA,NA,NA,NA,NA,NA,NA,NA,NA,NA,NA,NA,NA,NA,NA,NA,NA,NA,NA,NA,NA,NA,NA,NA,NA,NA,NA,NA,NA,NA,NA,NA,NA,NA,NA,NA,NA,1,NA,NA,NA,NA,NA,NA,NA,NA,NA,2045944,NA,NA,NA,NA,NA,NA,NA,33.54,6247,NA,134424,NA,125949,38136,79866,NA,NA,NA,NA,NA,211025,50163,169125,13492,NA,NA,NA,NA,NA,NA,NA,57031,NA,NA,NA,NA,NA,NA,NA,NA,NA,NA,25976,NA,NA,NA,NA,56,1254,0,0,541936,NA,NA,NA,NA,NA,NA,NA,NA,NA,NA,NA,NA,NA,NA,NA,NA,NA,NA,NA,NA,NA,NA,NA,NA,NA,NA,NA,NA,NA,NA,NA,NA,NA,NA,NA,NA,NA,NA,NA,NA,NA,NA,NA,126.67,1.89,NA,58.9,NA,NA,99.3,NA,14.4,417,17.7,80,96,95,NA,89,NA,NA,NA,7.3,27.9,NA,NA,NA,NA,NA,NA,NA,NA,NA,NA,NA,NA,NA,NA,NA,NA,NA,NA,NA,1034,NA,NA,NA,NA,NA,NA,NA,NA,NA,NA,NA,NA,NA,NA,NA,NA,NA,NA,NA,NA,NA,NA,NA,NA,NA,NA,NA,NA,NA,NA,NA,NA,NA,NA,NA,NA,NA,NA,NA,NA,NA,NA,NA,NA,NA,NA,NA,NA,NA,NA,NA,NA,NA,NA,NA,NA,NA,NA,NA,NA,NA,NA,NA,NA,NA,NA,NA,NA,NA,NA,NA,NA,NA,NA,NA,NA,NA,NA,NA,NA,NA,NA,NA,NA,NA,NA,NA,NA,NA,NA,NA,NA,7.74,NA,11866072,NA,NA,NA,NA,57.8,NA,1644,1110,160,331,14.4,29.8,NA,NA,NA,NA,950,NA,NA,NA,NA,NA,NA,NA,NA,35,117,NA,89,NA,NA,NA,NA,NA,NA,NA,NA,NA,NA,736,NA,525,NA,NA,NA,NA,NA,NA,1273,NA,39,NA,NA,NA,NA,NA,NA,NA,NA,NA,NA,NA,NA,NA,NA,NA,NA,NA,NA,NA,NA,NA,NA,NA,NA,NA,NA,NA,NA,NA,NA,NA,NA,NA,NA,NA,NA,NA,NA,NA,NA,NA,NA,NA,NA,NA,NA,NA,NA,NA,NA,NA,NA,NA,NA,NA,NA,NA,NA,NA,NA,NA,NA,3391,NA,NA,2014,NA,NA,NA,NA,NA,NA,NA,NA,NA,NA,NA,NA,NA,NA,NA,NA,NA,NA,NA,NA,NA,NA,NA,NA,96.4,87.3,NA,NA,NA,NA,NA,NA,NA,NA,NA,NA,NA,NA,NA,NA,NA,NA,NA,NA,NA,NA,NA,NA,NA,NA,NA,NA,NA,NA,NA,NA,NA,NA,NA,NA,NA,NA,NA,NA,NA,NA,NA,NA,NA,NA,NA,NA,NA,NA,NA,NA,NA,NA,NA,NA,NA,NA,NA,NA,NA,NA,NA,NA,NA,NA,NA,NA,NA,NA,NA,NA,NA,NA,NA,NA,NA,NA,14,NA,14,NA,NA,NA,NA,NA,NA,NA,NA,NA,NA,NA,NA,NA,NA,NA,NA,NA,NA,NA,NA,NA,NA,NA,NA,NA,NA,NA,NA,NA,NA,NA,NA,NA,NA,NA,NA,NA,NA,NA,NA,NA,NA,NA,NA,NA,NA,NA,NA,NA,NA,NA,NA,NA,NA,NA,NA,NA,NA,NA,NA,NA,NA,NA,NA,NA,NA,NA,NA,NA,NA,NA,NA,NA,NA,NA,NA,NA,NA,NA,NA,NA,NA,NA,23112,NA,536573,26526,NA,NA,NA,NA,NA,NA,NA,NA,NA,NA,NA,NA,332271,1427,NA,NA,NA,NA,NA,NA,NA,NA,NA,NA,NA,NA,NA,NA,NA,NA,NA,NA,NA,NA,NA,NA,NA,NA,NA,NA,NA,NA,NA,NA,NA,NA,NA,NA,NA,NA,NA,NA,NA,NA,16466,NA,NA,NA,NA,NA,NA,NA,NA,NA,NA,NA,NA,NA,NA,349,NA,NA,NA,NA,NA,NA,NA,NA,NA,NA,NA,NA,NA,NA,NA,NA,NA,14328,NA,NA,NA,NA,NA,NA,NA,NA,NA,NA,NA,NA,NA,NA,NA,NA,NA,NA,NA,NA,NA,NA,NA,NA,NA,NA,NA,NA,NA,NA,NA,NA,NA,NA,NA,NA,NA,NA,NA,NA,NA,NA,NA,NA,NA,NA,NA,223811,NA,65880,NA,39030,NA,3550,NA,NA,NA,NA,NA,NA,NA,NA,NA,NA,NA,NA,NA,NA,NA,NA,NA,NA,NA,NA,NA,NA,NA,NA,NA,NA,NA,NA,NA,NA
2003,NA,NA,NA,NA,NA,NA,NA,NA,NA,NA,NA,NA,NA,NA,NA,NA,NA,NA,NA,NA,NA,NA,NA,NA,NA,NA,28539,NA,NA,NA,NA,NA,NA,NA,NA,NA,NA,NA,NA,NA,NA,NA,NA,NA,NA,NA,NA,NA,NA,NA,NA,NA,NA,NA,NA,NA,NA,NA,NA,NA,NA,NA,NA,NA,NA,NA,NA,NA,NA,NA,NA,NA,NA,NA,NA,NA,NA,NA,NA,NA,NA,NA,NA,NA,NA,NA,NA,NA,NA,NA,NA,NA,NA,NA,NA,NA,NA,NA,NA,NA,NA,NA,NA,NA,NA,NA,NA,NA,NA,NA,NA,NA,NA,NA,NA,NA,NA,NA,NA,NA,NA,NA,NA,NA,NA,NA,NA,NA,NA,NA,NA,NA,NA,NA,NA,NA,NA,NA,NA,NA,NA,NA,NA,NA,NA,NA,NA,NA,NA,NA,NA,NA,NA,NA,NA,NA,NA,NA,NA,NA,NA,NA,NA,NA,NA,NA,NA,NA,NA,NA,NA,NA,NA,NA,NA,NA,NA,NA,1,NA,NA,NA,NA,NA,NA,NA,NA,NA,2070161,NA,NA,NA,NA,NA,NA,NA,33.7,5416,NA,262162,NA,125632,46141,124637,NA,NA,NA,NA,NA,342837,47617,295366,18932,NA,NA,NA,NA,NA,NA,NA,69516,NA,NA,NA,NA,NA,NA,NA,NA,NA,NA,143567,NA,NA,NA,NA,54,1462,0,0,756180,NA,NA,NA,NA,NA,NA,NA,NA,NA,NA,NA,NA,NA,NA,NA,NA,NA,NA,NA,NA,NA,NA,NA,NA,NA,NA,NA,NA,NA,NA,NA,NA,NA,NA,NA,NA,NA,NA,NA,NA,NA,NA,NA,113.31,24.22,NA,58.3,NA,35.8,100,NA,11.8,360.4270462633,15.3,100,100,97,NA,100,285573,NA,NA,6.2,27.5,NA,NA,NA,NA,NA,NA,NA,NA,NA,NA,NA,NA,NA,NA,NA,NA,NA,NA,NA,1117,NA,NA,NA,NA,NA,NA,212810,NA,NA,NA,NA,NA,NA,NA,NA,NA,NA,NA,NA,NA,NA,NA,NA,NA,NA,NA,12,NA,NA,NA,NA,NA,NA,NA,NA,NA,NA,NA,NA,NA,NA,NA,NA,NA,NA,NA,NA,NA,NA,NA,NA,NA,NA,NA,NA,NA,NA,NA,NA,NA,NA,NA,NA,NA,NA,21,NA,26,NA,53,NA,NA,NA,NA,NA,NA,NA,NA,NA,NA,NA,NA,NA,NA,NA,NA,NA,NA,NA,NA,NA,NA,7.15,NA,12036494,NA,NA,NA,NA,59.9,NA,1667,1150,151,423,13.2,36.8,NA,NA,NA,NA,999,NA,NA,NA,NA,NA,NA,NA,NA,20,142,NA,91,NA,NA,NA,NA,NA,NA,NA,NA,NA,NA,2199,NA,147,NA,NA,NA,1194,NA,NA,2525,NA,25,NA,NA,NA,NA,NA,NA,NA,NA,NA,NA,NA,NA,NA,NA,NA,NA,NA,NA,NA,NA,NA,NA,NA,NA,NA,NA,NA,NA,NA,NA,NA,115,NA,NA,NA,NA,NA,309,NA,NA,NA,NA,NA,123,NA,NA,NA,NA,NA,2127,NA,NA,NA,NA,NA,NA,NA,NA,NA,NA,NA,NA,2633,NA,NA,2111,NA,NA,NA,NA,NA,NA,NA,NA,NA,NA,NA,NA,NA,NA,NA,NA,NA,NA,NA,NA,NA,NA,NA,NA,97,88.1,NA,NA,NA,NA,NA,NA,NA,NA,NA,NA,NA,NA,NA,NA,NA,NA,NA,NA,NA,NA,NA,NA,NA,NA,NA,NA,NA,NA,NA,NA,NA,NA,NA,NA,NA,NA,NA,NA,NA,NA,NA,NA,NA,NA,NA,NA,NA,NA,NA,NA,NA,NA,NA,NA,NA,NA,NA,NA,NA,NA,NA,NA,NA,NA,NA,NA,NA,NA,NA,NA,NA,NA,NA,NA,NA,NA,13,NA,13,NA,NA,NA,NA,NA,NA,NA,NA,NA,NA,NA,NA,NA,NA,NA,NA,NA,NA,NA,NA,NA,NA,NA,NA,NA,NA,NA,NA,NA,NA,NA,NA,NA,NA,NA,NA,NA,NA,NA,NA,NA,NA,NA,NA,NA,NA,NA,NA,NA,NA,NA,NA,NA,NA,NA,NA,NA,NA,NA,NA,NA,NA,NA,NA,NA,NA,NA,NA,NA,NA,NA,NA,NA,NA,NA,NA,NA,NA,NA,NA,NA,NA,NA,21524,NA,611938,28386,NA,NA,2.65,NA,NA,NA,NA,NA,NA,NA,NA,NA,341930,1390,NA,NA,NA,NA,NA,NA,NA,NA,NA,NA,NA,NA,NA,NA,NA,NA,NA,NA,NA,NA,NA,NA,NA,NA,NA,NA,NA,NA,NA,NA,NA,NA,NA,NA,NA,NA,NA,NA,NA,NA,14817,NA,NA,NA,NA,NA,NA,NA,NA,NA,NA,NA,NA,NA,NA,314,NA,NA,NA,NA,NA,NA,NA,NA,NA,NA,NA,NA,NA,NA,NA,NA,NA,12524,NA,NA,NA,NA,NA,NA,NA,NA,NA,NA,NA,NA,NA,NA,NA,NA,NA,NA,NA,NA,NA,NA,NA,NA,NA,NA,NA,NA,NA,NA,NA,NA,NA,NA,NA,NA,NA,NA,NA,NA,NA,NA,NA,NA,NA,NA,NA,231525,NA,66163,NA,40704,NA,3538,NA,NA,NA,NA,NA,NA,NA,NA,NA,NA,NA,NA,NA,NA,NA,NA,NA,NA,NA,NA,NA,NA,NA,NA,NA,NA,NA,NA,NA,2674
2004,NA,NA,NA,NA,NA,NA,NA,NA,NA,NA,NA,NA,NA,NA,NA,NA,NA,NA,NA,NA,NA,NA,NA,NA,NA,NA,46991,NA,NA,NA,NA,NA,NA,NA,NA,NA,NA,NA,NA,NA,NA,NA,NA,NA,NA,NA,NA,NA,NA,NA,NA,NA,NA,NA,NA,NA,NA,NA,NA,NA,NA,NA,NA,NA,NA,NA,NA,NA,NA,NA,NA,NA,NA,NA,NA,NA,NA,NA,NA,NA,NA,NA,NA,NA,NA,NA,NA,NA,NA,NA,NA,NA,NA,NA,NA,NA,NA,NA,NA,NA,NA,NA,NA,NA,NA,NA,NA,NA,NA,NA,NA,NA,NA,NA,NA,NA,NA,NA,NA,NA,NA,NA,NA,NA,NA,NA,NA,NA,NA,NA,NA,NA,NA,NA,NA,NA,NA,NA,NA,NA,NA,NA,NA,NA,NA,NA,NA,NA,NA,NA,NA,NA,NA,NA,NA,NA,NA,NA,NA,NA,NA,NA,NA,NA,NA,NA,NA,NA,NA,NA,NA,NA,NA,NA,NA,NA,NA,NA,0,NA,NA,NA,NA,NA,NA,NA,NA,NA,2094843,NA,NA,NA,NA,NA,NA,NA,31752,5307,0.54,329307,NA,133470,54020,136082,NA,NA,NA,0.409311069,829056.703635,404490,51698,324056,33443,NA,NA,NA,NA,NA,NA,NA,76351,NA,NA,NA,NA,NA,NA,NA,NA,NA,NA,199677,569979.03,86763.48929243,9580.86032543,77182.628967,58,1581,0,0,871264,NA,NA,NA,NA,NA,NA,NA,NA,NA,NA,NA,NA,NA,NA,NA,NA,NA,NA,NA,NA,NA,NA,NA,NA,NA,NA,NA,NA,NA,NA,NA,NA,NA,NA,NA,NA,NA,NA,NA,NA,NA,NA,NA,104.51,28.34,339342.085621,25.1,NA,30.5,100,NA,13.8,439.1261829653,16.3,100,100,100,NA,100,536633,NA,NA,6.2,16.8,NA,NA,NA,NA,NA,NA,NA,NA,NA,NA,NA,NA,NA,NA,NA,NA,NA,NA,NA,771,NA,NA,NA,28852,8,NA,217406,NA,NA,NA,NA,NA,NA,NA,NA,NA,NA,NA,NA,NA,NA,NA,NA,NA,NA,NA,31,NA,NA,NA,NA,NA,NA,NA,NA,NA,NA,NA,NA,NA,NA,NA,NA,NA,NA,NA,NA,NA,NA,NA,NA,NA,NA,NA,NA,NA,NA,NA,NA,NA,NA,NA,NA,NA,NA,33,NA,34,NA,33,NA,NA,NA,NA,NA,NA,NA,NA,NA,NA,NA,NA,NA,NA,NA,NA,NA,NA,NA,NA,NA,NA,5.34,NA,12421474,NA,NA,NA,NA,57.9,NA,1690,1129,149,369,13.2,32.7,NA,NA,NA,NA,979,NA,NA,NA,NA,NA,NA,NA,NA,10,88,NA,91,NA,NA,NA,NA,NA,NA,NA,NA,NA,NA,1685,NA,155,NA,NA,NA,947,NA,NA,2261,NA,14,NA,NA,NA,NA,NA,NA,NA,NA,NA,NA,NA,NA,NA,NA,NA,NA,NA,NA,NA,NA,NA,NA,NA,NA,NA,NA,NA,NA,NA,NA,NA,128,NA,NA,NA,NA,NA,323,NA,NA,NA,NA,NA,134,NA,NA,NA,NA,NA,2169,NA,NA,NA,NA,NA,NA,NA,NA,NA,NA,NA,NA,3847,NA,NA,2165,NA,NA,NA,NA,NA,NA,NA,NA,NA,NA,NA,NA,NA,NA,NA,NA,NA,NA,NA,NA,NA,NA,NA,NA,97.2,88.4,NA,NA,NA,NA,NA,NA,NA,NA,421,2428,NA,NA,NA,NA,NA,NA,NA,NA,NA,NA,NA,NA,NA,NA,NA,NA,NA,NA,NA,NA,NA,NA,NA,NA,NA,NA,NA,NA,NA,NA,NA,NA,NA,NA,NA,NA,NA,NA,NA,NA,NA,NA,NA,NA,NA,NA,NA,NA,NA,NA,NA,NA,NA,NA,NA,NA,NA,NA,NA,NA,NA,NA,NA,NA,NA,NA,21,NA,21,NA,NA,NA,NA,NA,NA,NA,NA,106,NA,NA,NA,NA,NA,NA,NA,NA,NA,NA,NA,NA,2333,NA,NA,NA,NA,NA,NA,NA,NA,NA,NA,NA,NA,NA,NA,NA,NA,NA,NA,NA,NA,NA,NA,NA,NA,NA,NA,NA,NA,NA,NA,NA,NA,NA,NA,NA,NA,NA,NA,NA,NA,NA,NA,NA,NA,NA,NA,NA,NA,NA,NA,NA,NA,NA,NA,NA,41.9,NA,NA,NA,NA,NA,18448,NA,575359,26755,NA,NA,2.52,41,NA,22,NA,NA,NA,NA,NA,NA,357927,1445,15.5620254119,150,64,16,36,59,1,NA,NA,NA,NA,NA,NA,NA,NA,NA,NA,NA,NA,NA,NA,NA,NA,NA,NA,NA,NA,NA,NA,NA,NA,NA,NA,NA,NA,NA,NA,NA,NA,NA,16542,NA,NA,NA,NA,NA,NA,NA,NA,NA,NA,NA,NA,NA,NA,326,NA,NA,NA,NA,NA,NA,NA,NA,NA,NA,NA,NA,NA,NA,NA,NA,NA,12770,NA,NA,NA,NA,NA,NA,NA,NA,NA,NA,8076,NA,1530,NA,NA,NA,NA,NA,NA,2306,NA,799,2215,820,NA,NA,NA,NA,406,NA,NA,NA,NA,NA,NA,NA,NA,NA,NA,142960,88534,NA,NA,NA,NA,NA,NA,242856,NA,68068,NA,43563,NA,3440,NA,NA,NA,NA,NA,NA,NA,NA,NA,NA,NA,NA,NA,NA,NA,NA,NA,NA,NA,NA,NA,NA,NA,NA,NA,NA,NA,NA,NA,2754
2005,NA,NA,NA,NA,NA,NA,NA,NA,NA,NA,NA,NA,NA,NA,NA,NA,NA,NA,NA,NA,NA,NA,NA,NA,NA,NA,51267,NA,NA,NA,NA,NA,NA,NA,NA,NA,NA,NA,NA,NA,NA,NA,NA,NA,NA,NA,NA,NA,NA,NA,NA,NA,NA,NA,NA,NA,NA,NA,NA,NA,NA,NA,NA,NA,NA,NA,NA,NA,NA,NA,NA,NA,NA,NA,NA,NA,NA,NA,NA,NA,NA,NA,NA,NA,NA,NA,NA,NA,NA,NA,NA,NA,NA,NA,NA,NA,NA,NA,NA,NA,NA,NA,NA,NA,NA,NA,NA,NA,NA,NA,NA,NA,NA,NA,NA,NA,NA,NA,NA,NA,NA,NA,NA,NA,NA,NA,NA,NA,NA,NA,NA,NA,NA,NA,NA,NA,NA,NA,NA,NA,NA,NA,NA,NA,NA,NA,NA,NA,NA,NA,NA,NA,NA,NA,NA,NA,NA,NA,NA,NA,NA,NA,NA,NA,NA,NA,NA,NA,NA,NA,NA,NA,NA,NA,NA,NA,NA,NA,5,NA,NA,NA,NA,NA,NA,NA,NA,NA,2119843,NA,NA,NA,NA,NA,NA,NA,30057,5013,NA,377254,NA,163013,62493,136064,NA,NA,NA,0.4652490173,943125.760734,446003,55250,371238,23498,NA,NA,NA,NA,NA,NA,NA,83130,NA,NA,NA,NA,NA,NA,NA,NA,NA,NA,237166,579660.63,57150.139604,4126.269489,53023.870115,55,1708,0,0,1013969,NA,NA,NA,NA,NA,NA,NA,NA,NA,NA,NA,NA,NA,NA,NA,NA,NA,NA,NA,NA,NA,NA,NA,NA,NA,NA,NA,NA,NA,NA,NA,NA,NA,NA,NA,NA,NA,NA,NA,NA,NA,NA,NA,92.43,15.3,438788.333418,80.1,NA,31.6,100,NA,10.2,318.9404255319,12.6,100,100,91.6,NA,100,554807,26.1712648986,NA,3.9,15.1,73,NA,NA,NA,NA,NA,NA,NA,NA,NA,NA,NA,NA,NA,NA,NA,NA,NA,NA,759,NA,NA,NA,32697,25,NA,194836,NA,NA,NA,NA,NA,NA,NA,NA,NA,NA,NA,NA,NA,NA,NA,NA,72803,NA,NA,29,NA,NA,NA,NA,NA,NA,NA,NA,NA,NA,NA,NA,NA,NA,NA,NA,NA,NA,NA,NA,NA,NA,NA,NA,NA,NA,NA,NA,NA,NA,NA,NA,NA,NA,NA,NA,NA,NA,36,NA,29,NA,35,NA,NA,NA,NA,NA,NA,NA,NA,NA,NA,NA,NA,NA,NA,NA,NA,NA,NA,NA,NA,NA,NA,4.59,NA,12988094,NA,NA,NA,NA,60.9,NA,1717,1181,135,450,11.4,38.1,NA,NA,NA,NA,1046,NA,NA,NA,NA,NA,NA,NA,NA,10,50,NA,76,NA,NA,NA,NA,NA,NA,NA,NA,NA,NA,1012,NA,1650,NA,NA,NA,304,NA,NA,1125,NA,17,NA,NA,NA,NA,NA,NA,NA,NA,NA,NA,NA,NA,NA,NA,NA,NA,NA,NA,NA,NA,NA,NA,NA,NA,NA,NA,NA,NA,NA,NA,NA,93,NA,NA,NA,NA,NA,301,NA,NA,NA,NA,NA,135,NA,NA,NA,NA,NA,1583,NA,NA,NA,NA,NA,NA,NA,NA,NA,NA,NA,152,4006,NA,NA,1592,NA,NA,NA,NA,NA,NA,NA,NA,NA,NA,NA,NA,NA,NA,NA,NA,NA,NA,NA,NA,NA,3154,NA,NA,96.9,87.9,NA,NA,NA,NA,NA,NA,NA,NA,722,2267,NA,NA,NA,NA,NA,NA,NA,NA,NA,NA,NA,NA,NA,NA,NA,NA,NA,NA,NA,NA,NA,NA,NA,NA,NA,NA,NA,NA,NA,NA,NA,NA,NA,NA,NA,NA,NA,NA,NA,NA,NA,NA,NA,NA,NA,NA,NA,NA,NA,NA,NA,NA,NA,NA,NA,NA,NA,NA,NA,NA,NA,NA,NA,NA,NA,NA,19,NA,19,NA,NA,NA,NA,NA,NA,NA,NA,585,NA,7345,NA,NA,NA,NA,NA,99196,33366,65830,52450,13380,2743,NA,NA,NA,NA,NA,NA,NA,NA,NA,NA,NA,NA,NA,NA,NA,NA,NA,NA,NA,NA,NA,NA,NA,NA,NA,NA,NA,NA,NA,NA,NA,NA,NA,NA,NA,NA,NA,NA,NA,NA,NA,NA,NA,NA,NA,NA,NA,NA,NA,NA,NA,NA,NA,NA,NA,NA,NA,NA,NA,NA,NA,18215,NA,574734,27993,NA,NA,3.26,NA,NA,NA,NA,NA,NA,NA,NA,NA,373936,1888,14.1991647495,148,56,7,33,49,8,NA,NA,NA,NA,NA,NA,NA,NA,NA,NA,NA,NA,NA,NA,NA,NA,NA,NA,NA,NA,NA,NA,NA,NA,NA,NA,NA,NA,NA,NA,NA,NA,NA,17485,NA,1205,1312,1262,1402,1381,1369,1488,1467,1570,1630,1596,1803,NA,301,NA,NA,NA,NA,NA,NA,NA,NA,NA,NA,NA,NA,NA,NA,12009.6721178466,NA,NA,14123,NA,NA,NA,NA,NA,NA,NA,NA,NA,NA,9927,NA,1752,NA,NA,NA,NA,NA,NA,3192,NA,880,2927,1029,NA,NA,NA,NA,147,NA,NA,NA,NA,NA,NA,NA,NA,NA,NA,117169,75447,NA,NA,NA,NA,NA,NA,254594,NA,70446,NA,45423,NA,3473,NA,NA,NA,NA,NA,NA,NA,NA,NA,NA,NA,NA,NA,NA,NA,NA,NA,NA,NA,NA,NA,NA,NA,NA,NA,NA,NA,NA,NA,2112
2006,NA,NA,NA,NA,NA,NA,NA,NA,NA,NA,NA,NA,NA,NA,NA,NA,NA,NA,NA,NA,NA,NA,192868,NA,NA,NA,127231.138476,NA,NA,NA,NA,NA,NA,NA,NA,NA,NA,NA,NA,NA,NA,NA,NA,NA,NA,NA,NA,NA,NA,NA,NA,NA,NA,NA,NA,NA,NA,NA,NA,NA,NA,NA,NA,NA,NA,NA,NA,NA,NA,NA,NA,NA,NA,NA,NA,NA,NA,NA,NA,NA,NA,NA,NA,NA,NA,NA,NA,NA,NA,NA,NA,NA,NA,NA,NA,NA,NA,NA,NA,NA,NA,NA,NA,NA,NA,NA,NA,NA,NA,NA,NA,NA,NA,NA,NA,NA,NA,NA,NA,NA,NA,NA,NA,NA,NA,NA,NA,NA,NA,NA,NA,NA,NA,NA,NA,NA,NA,NA,NA,NA,NA,NA,NA,NA,NA,NA,NA,NA,NA,NA,NA,NA,NA,NA,NA,NA,NA,NA,NA,NA,NA,NA,NA,NA,NA,NA,NA,NA,NA,NA,NA,NA,NA,NA,NA,NA,NA,NA,1,NA,NA,NA,NA,NA,NA,NA,NA,NA,2144860,NA,NA,NA,NA,NA,NA,NA,NA,NA,NA,379880,NA,188816,58696,157433,NA,NA,NA,0.5392403335,1128135.307779,456411.900389,57329,304014.166955,25166.594958,NA,NA,NA,NA,NA,NA,NA,85141,NA,NA,NA,NA,NA,NA,NA,NA,NA,NA,235657,574665.89,63384.205864,5311.974951,58072.230913,63,1753,0,0,1185575,NA,NA,NA,NA,NA,NA,NA,NA,NA,NA,NA,NA,NA,NA,NA,NA,NA,NA,NA,NA,NA,NA,NA,NA,NA,NA,NA,NA,NA,NA,NA,NA,NA,NA,NA,NA,NA,NA,NA,NA,NA,86,NA,92.41,14.3,608336.059606,61.9,NA,31.4,100,NA,11.6,355.8300395257,14.5,100.49,107.22,100.3,NA,100.53,680173,31.7101256847,NA,3.9,10.7,73.2,NA,11641,953,1617,3413,NA,772,87,4,712,198,NA,NA,174,NA,106,295,3310,761,NA,NA,NA,32808,17,NA,195096,NA,NA,23,NA,NA,NA,NA,NA,NA,NA,NA,NA,NA,16825,481848,NA,78568,NA,NA,26,NA,NA,NA,NA,NA,NA,209747,193533,33939,210208.000000001,148579,48068,NA,NA,NA,NA,NA,NA,NA,NA,NA,71.1,28.9,541,23688,NA,NA,NA,NA,NA,NA,NA,NA,NA,NA,NA,NA,NA,40,NA,32,NA,28,NA,NA,NA,NA,NA,NA,NA,NA,NA,NA,NA,NA,NA,NA,NA,NA,NA,NA,NA,NA,NA,NA,4.34,NA,NA,NA,NA,NA,NA,56,NA,1748,1097,118,416,10.7,37.9,NA,NA,NA,NA,979,NA,NA,NA,NA,NA,NA,NA,NA,18,79,NA,74,NA,NA,NA,NA,NA,NA,NA,NA,NA,NA,1542,NA,2394,NA,NA,NA,1406,NA,NA,1451,NA,13,NA,NA,NA,NA,NA,1538,NA,NA,NA,NA,NA,NA,NA,NA,NA,NA,NA,NA,NA,NA,NA,NA,NA,NA,NA,NA,NA,NA,NA,NA,NA,107,NA,NA,NA,NA,NA,311,NA,NA,NA,NA,NA,125,NA,NA,NA,NA,NA,1538,NA,NA,NA,NA,NA,NA,NA,NA,NA,NA,NA,164,2732,NA,NA,1541,NA,NA,NA,NA,NA,NA,NA,NA,NA,NA,NA,NA,NA,NA,NA,NA,NA,NA,NA,NA,NA,3479,NA,NA,98.9,88.1,NA,NA,NA,NA,NA,NA,NA,NA,2997,864,NA,NA,NA,NA,NA,NA,NA,NA,NA,NA,NA,NA,NA,NA,NA,NA,NA,NA,NA,NA,NA,NA,NA,NA,NA,NA,NA,NA,NA,NA,NA,NA,NA,NA,NA,NA,NA,NA,NA,NA,NA,NA,NA,NA,NA,NA,NA,NA,NA,NA,NA,NA,NA,NA,NA,NA,NA,NA,NA,NA,NA,NA,NA,NA,NA,NA,26,NA,26,NA,NA,NA,NA,NA,NA,NA,NA,1480,NA,7479,NA,NA,NA,NA,NA,103102,31828,71274,57723,13551,3075,NA,NA,NA,NA,NA,NA,NA,NA,NA,NA,NA,NA,NA,NA,NA,NA,NA,NA,NA,NA,NA,NA,NA,NA,NA,NA,NA,NA,NA,NA,NA,NA,NA,NA,NA,NA,NA,NA,NA,NA,NA,NA,NA,NA,NA,NA,NA,NA,NA,NA,NA,NA,NA,NA,NA,NA,NA,NA,NA,NA,NA,28590,NA,613360,35485,NA,0.0775592777,3.82,NA,NA,NA,NA,NA,NA,NA,NA,NA,399160,1160,14.4997808715,130,86,2,44,46,3,NA,NA,NA,NA,NA,NA,NA,NA,NA,NA,NA,NA,NA,NA,NA,NA,NA,NA,NA,NA,NA,NA,NA,NA,NA,NA,NA,NA,NA,NA,NA,NA,NA,15788,NA,1006,1077,1211,1187,1197,1292,1263,1223,1506,1559,1586,1681,NA,311,NA,NA,NA,NA,NA,NA,NA,NA,NA,NA,NA,NA,NA,NA,12801.6182969373,NA,269,11624,NA,NA,NA,NA,NA,NA,NA,NA,NA,NA,7275,2,988,NA,NA,NA,NA,NA,22,3214,76,541,1812,592,NA,NA,NA,NA,128,NA,NA,NA,NA,NA,NA,NA,NA,NA,NA,120331,54839,NA,NA,NA,NA,NA,NA,274591,NA,74732,NA,46305,NA,3532,NA,NA,318,NA,NA,NA,NA,NA,NA,NA,NA,NA,NA,NA,NA,NA,NA,NA,NA,NA,NA,NA,NA,NA,NA,NA,NA,NA,NA,2081
2007,NA,NA,NA,NA,NA,NA,NA,NA,NA,NA,NA,NA,NA,NA,NA,NA,NA,NA,NA,NA,NA,NA,NA,NA,NA,NA,199449.973303,NA,NA,NA,NA,NA,NA,NA,NA,NA,NA,NA,NA,NA,NA,NA,NA,NA,NA,NA,NA,NA,NA,NA,NA,NA,NA,NA,NA,NA,NA,NA,NA,NA,NA,NA,NA,NA,NA,NA,NA,NA,NA,NA,NA,NA,NA,NA,NA,NA,NA,NA,NA,NA,NA,NA,NA,NA,NA,NA,NA,NA,NA,NA,NA,NA,NA,NA,NA,NA,NA,NA,NA,NA,NA,NA,NA,NA,NA,NA,NA,NA,NA,NA,NA,NA,NA,NA,NA,NA,NA,NA,NA,NA,NA,NA,NA,NA,NA,NA,NA,NA,NA,NA,NA,NA,NA,NA,NA,NA,NA,NA,NA,NA,NA,NA,NA,NA,NA,NA,NA,NA,NA,NA,NA,NA,NA,NA,NA,NA,NA,NA,NA,NA,NA,NA,NA,NA,NA,NA,NA,NA,NA,NA,NA,NA,NA,NA,NA,NA,NA,NA,2,NA,NA,NA,NA,NA,NA,NA,NA,NA,2169838,NA,NA,NA,NA,NA,NA,NA,NA,NA,NA,437457,505943.36937,202681,62756,175510,NA,589768.332694,NA,0.7127591269,1358765.432778,334369.901574,57858,99346.693873,35573.234398,346497.827198,222903.631625,104347.11276,49697.079052,44495.496093,25420.907877,35690.662202,95083,40831.558306,16224.76966,6104.934425,29179.503123,21192.464776,12617.742164,10558.371267,518.746738,1311.301583,880.354736,282743,567549.18,55921.783974,5544.741984,50377.04199,65,1773,0,0,1434454,1095711.702064,NA,NA,NA,NA,NA,NA,NA,NA,NA,NA,NA,NA,NA,NA,NA,NA,NA,NA,NA,NA,NA,NA,NA,NA,NA,NA,NA,NA,NA,NA,NA,NA,NA,NA,NA,NA,NA,NA,NA,-1118,83,NA,86.97,10.34,968472.463585,55.3,NA,31.96,100,NA,12,NA,14.1,100,100,100,NA,100,698545,32.193446878,NA,5.6,10.7,73.4,NA,12339,1533,1179,2961,NA,912,120,104,715,163,NA,NA,147,NA,61,242,4202,827,NA,NA,NA,29838,15,30770,195357,NA,NA,21,NA,NA,NA,NA,NA,NA,NA,NA,NA,NA,14894,452943,NA,78425,NA,NA,19.3,39,42.2,45.1,17.9,37,NA,183138,191380,30315,192792,140677,48725,NA,44.96,45.35,42.88,42.61,41.96,49.61,44.73,41.18,70.9,29.1,722,24818,NA,NA,NA,NA,NA,NA,NA,NA,NA,NA,NA,NA,NA,31.3,13,25,28.7,44,58.3,NA,NA,NA,NA,NA,NA,NA,NA,NA,NA,NA,NA,NA,NA,NA,NA,NA,NA,NA,NA,NA,4.99,NA,NA,NA,NA,NA,NA,59.7,544,1778,1181,120,485,10.1,41.1,NA,NA,517,NA,1062,NA,NA,NA,NA,NA,NA,NA,57.695473251,10,35,NA,70,NA,NA,NA,NA,NA,NA,NA,1543,NA,NA,1711,NA,6061,NA,NA,NA,1512,NA,NA,1529,NA,12,NA,NA,NA,3421,NA,1521,NA,NA,NA,NA,NA,NA,NA,NA,NA,NA,NA,NA,NA,NA,NA,NA,NA,NA,NA,NA,NA,NA,NA,NA,NA,95,NA,NA,NA,NA,NA,345,NA,NA,NA,NA,NA,128,NA,NA,NA,NA,NA,1517,NA,NA,NA,NA,NA,NA,NA,NA,NA,NA,NA,170,3796,220,266,1517,204,1153,662,1291,NA,NA,NA,NA,NA,NA,NA,NA,NA,NA,NA,NA,NA,NA,NA,NA,10983,3688,NA,NA,98.2,90.6,NA,NA,NA,NA,NA,NA,NA,NA,5355,520,NA,NA,NA,NA,NA,NA,NA,NA,NA,NA,NA,NA,NA,NA,1844.23,3688.45,5650.09,6147.43,9221.14,9835.88,9221.14,7991.65,6147.42,329.95,659.91,1010.86,1099.84,1649.76,1759.75,1649.76,1429.79,1099.84,734.4,1468.8,2176.52,2448,3672,3916.8,3672,3182.4,2448,387.12,774.24,1147.3,1290.41,1935.61,2064.65,1935.61,1677.53,1290.41,NA,NA,NA,NA,NA,NA,NA,NA,NA,NA,NA,NA,NA,NA,NA,NA,38,NA,38,NA,NA,NA,30946,10000,20946,NA,NA,2262,NA,6600,NA,NA,NA,NA,NA,106406,30293,76113,62285,13828,1725,4586,7617,0,NA,NA,NA,NA,NA,NA,NA,NA,NA,NA,NA,NA,NA,NA,NA,NA,NA,NA,NA,NA,NA,NA,NA,NA,NA,NA,NA,NA,NA,NA,NA,NA,NA,NA,NA,NA,NA,NA,NA,NA,NA,NA,NA,NA,NA,NA,NA,NA,NA,NA,NA,NA,NA,NA,NA,NA,NA,NA,18729,30092,650869,28132,23105,NA,3.79,NA,NA,NA,NA,NA,NA,NA,NA,NA,424552,2318,16.4528411798,161,104,7,29,55,1,NA,NA,NA,NA,NA,NA,NA,NA,NA,NA,NA,NA,NA,NA,NA,NA,NA,NA,NA,NA,NA,NA,NA,NA,NA,NA,NA,NA,NA,NA,NA,NA,NA,21807,NA,1521,1648,1892,1746,1709,1755,1848,1630,2065,2148,2089,1756,NA,357,NA,NA,NA,NA,NA,NA,NA,NA,NA,NA,NA,NA,NA,NA,13649.5108386072,NA,NA,15729,2034,257,915,438,4,NA,284,130,6,0,13298,10,1879,NA,NA,NA,NA,NA,18,5917,72,936,2655,1133,NA,NA,NA,NA,778,372,54,111,146,2,NA,12,22,25,0,107620,51005,NA,NA,NA,NA,NA,NA,296172,NA,77808,NA,47016,NA,3556,NA,NA,NA,NA,NA,NA,NA,NA,NA,NA,NA,NA,NA,NA,NA,NA,NA,NA,NA,NA,NA,NA,NA,NA,NA,NA,NA,NA,NA,2085
2008,NA,17022,652,NA,NA,NA,NA,NA,NA,NA,NA,NA,NA,NA,NA,NA,18,4,25,0,324,0,NA,NA,NA,NA,208765.454529,NA,NA,NA,NA,NA,NA,NA,NA,NA,NA,NA,NA,NA,NA,NA,NA,NA,NA,NA,NA,NA,NA,NA,NA,NA,NA,3795,NA,NA,NA,NA,NA,NA,NA,NA,NA,NA,NA,NA,NA,NA,NA,NA,NA,NA,NA,NA,NA,NA,NA,NA,NA,NA,NA,NA,NA,NA,NA,NA,NA,NA,NA,NA,NA,NA,NA,NA,NA,NA,NA,NA,NA,34.8,NA,NA,NA,NA,NA,NA,NA,NA,NA,NA,41.5,NA,NA,NA,NA,NA,NA,NA,NA,NA,NA,26.9,NA,NA,NA,NA,NA,NA,NA,NA,NA,NA,NA,NA,NA,NA,#VALUE!,NA,1092,786,NA,NA,NA,NA,NA,NA,NA,NA,NA,NA,NA,NA,NA,NA,NA,NA,NA,NA,NA,NA,NA,NA,NA,NA,NA,NA,NA,NA,NA,NA,NA,NA,NA,NA,NA,NA,NA,NA,1,NA,NA,NA,NA,NA,NA,NA,NA,NA,2194781,NA,NA,NA,NA,NA,NA,NA,28461,7392,0.52,462308,543315.826144,218260,65971,190955,68129,667335.813507,290846,0.6867879754,1294800.184814,322426.831542,40374,92338.181278,21323.195735,349194.374964,215029.797061,114784.786972,35205.908324,36293.892129,25299.506291,18875.912816,97355,28257.787584,12586.313654,5779.024753,20215.31344,11520.553119,4466.364128,10696.713311,588.588491,458.360453,0,303698,564555.636015,83120.155782,4472225,78647.930782,60,946,19935,0,1501497,1210652,889251.780874,0,4.0908579339,2.122465896,0.0022490818,1.6887766913,2.8450329631,4.0813966201,1.3834241833,39.2681764443,0,0.1097652738,36378.02703,4.1170726343,18874.065779,0,20,0.2437638818,15017.476802,1.2307672978,25299.506291,0.0987918748,36293.892129,23.4827109578,12302.124187,0,349192.958348,13.1709680787,976.089652,2.0637801872,36611.14172,0,2167.67466,10944.620114,878.508506,208820.42539,0,117123.068198,18352.202068,-1507,89,NA,75.88,15.82,889253.19749,42.3,NA,33.12,100,NA,12.8,NA,14.9,100,100,100,NA,100,667602,30.4180926054,NA,4,6.8,73.6,NA,16772,958,4334,4748,NA,773,110,233,1045,81,NA,NA,322,NA,52,179,3937,889,NA,NA,NA,24238,11,30749,195576,6628,21.5551725259,21,79.1,90.9,83.3,86.6,58.5,79.5,96.9,88.9,81.8,61,14850,444463,NA,104493,NA,NA,22.4,34,44,54.5,18.6,26.8,5.26,151220,188750,29105,184258,141589,48852,NA,45.5814074005,44.5471089806,44.6631550183,43.7521043857,43.9883383504,48.4537340805,45.3240369564,44.756784143,64.4,35.6,763,25046,5.33,87.56,NA,NA,NA,NA,2331,NA,2437,NA,NA,NA,NA,36,16.9,25,27.5,39,55.6,NA,NA,NA,NA,NA,NA,NA,NA,NA,NA,NA,NA,NA,NA,NA,NA,NA,NA,NA,NA,NA,7.59,NA,NA,NA,NA,NA,NA,58.1,567,1808,1200,150,396,12.5,33,NA,NA,482,NA,1050,NA,NA,NA,NA,NA,NA,NA,40,15,48,NA,67,NA,1463,1370,93,0,6,10,1492,31,139,1852,271,6813,474,NA,532,1617,NA,NA,1733,NA,14,NA,NA,NA,4756,NA,1473,NA,NA,NA,NA,745,288,65,154,113,41,39,22,NA,NA,NA,NA,NA,NA,NA,NA,NA,NA,NA,NA,NA,98,NA,NA,NA,NA,NA,326,NA,NA,NA,NA,NA,124,NA,NA,NA,NA,NA,1467,NA,NA,NA,NA,NA,NA,NA,NA,NA,NA,NA,163,4253,347,254,1467,207,969,891,1585,NA,NA,NA,NA,NA,NA,215322,172369,42953,196757,163795,32962,NA,18565,8574,9991,8068,3575,NA,NA,99.6,92.9,NA,461283,502137,458714,519578,NA,NA,85.8,1137,344,392339,111.47,139.34,236.88,278.69,278.69,278.69,278.69,334.42,334.42,NA,334.42,334.42,278.69,1964.9,3929.81,6019.81,6549.68,9824.52,10479.49,9824.52,8514.59,6549.68,351.54,703.09,1077.01,1171.81,1757.71,1874.89,1757.71,1523.35,1171.81,782.46,1564.91,2318.94,2608.19,3912.28,4173.1,3912.28,3390.64,2608.19,412.45,824.91,1222.37,1374.84,2062.27,2199.75,2062.27,1787.3,1374.84,NA,NA,NA,NA,NA,NA,NA,NA,NA,NA,522623,NA,NA,79.1,49.2,NA,26,NA,26,68044,32811,35233,25186,17060,8126,NA,NA,2129,NA,4910,NA,NA,NA,NA,597591,114290,30201,84089,69983,14106,2097,3350,6600,0,1407.428502,532,NA,NA,NA,NA,NA,NA,NA,NA,NA,NA,NA,NA,NA,NA,NA,NA,NA,26750.439225,12426,4849.522523,3353.611712,NA,5968.854984,NA,NA,NA,NA,NA,NA,NA,NA,NA,NA,NA,NA,NA,NA,NA,NA,NA,NA,NA,NA,NA,NA,NA,NA,NA,NA,NA,NA,NA,NA,NA,NA,NA,22022,38065,628813,28237,28037,NA,4.71,NA,NA,NA,NA,NA,1.44,NA,NA,46.46,447633,2551,14.9445434419,130,137,10,17,32,2,NA,NA,NA,NA,NA,NA,NA,NA,NA,NA,NA,NA,NA,NA,NA,NA,NA,NA,NA,NA,NA,NA,NA,NA,NA,NA,NA,NA,NA,NA,NA,NA,NA,23352,NA,1762,2159,2046,2129,1522,1944,2367,2368,1571,2025,1297,2162,NA,328,NA,NA,NA,NA,NA,NA,NA,NA,NA,NA,NA,NA,NA,NA,14318.8322330577,NA,273,14539,2072,232,1061,455,10,NA,209,93,12,0,15847,NA,2393,NA,NA,NA,NA,NA,NA,8560,NA,1050,2348,1111,NA,NA,NA,NA,385,325,29,134,130,1,NA,9,13,9,0,103790,77784,13401,2135,NA,NA,NA,NA,314263,NA,82150,NA,47711,NA,3509,NA,NA,321,NA,NA,NA,NA,NA,NA,NA,NA,NA,NA,NA,NA,NA,NA,NA,NA,NA,NA,NA,NA,NA,NA,NA,NA,NA,NA,2015
2009,NA,25488,1354,NA,NA,NA,NA,NA,NA,NA,NA,NA,NA,NA,NA,NA,14,18,48,2089,1666,290,193070,NA,NA,NA,208860.79366,NA,NA,NA,NA,NA,NA,NA,NA,NA,NA,NA,NA,NA,NA,NA,NA,NA,NA,NA,NA,NA,NA,NA,NA,NA,NA,11657,NA,NA,NA,0.208023262,2178.810055,0,0,0,NA,169841,690.956557,91.57,1226.442498,0,0,NA,NA,NA,NA,NA,NA,NA,NA,NA,NA,NA,NA,NA,NA,NA,NA,NA,NA,NA,NA,NA,NA,NA,NA,NA,NA,NA,NA,NA,NA,38.1,NA,NA,NA,NA,NA,NA,NA,NA,NA,NA,45.3,NA,NA,NA,NA,NA,NA,NA,NA,NA,NA,29.8,NA,NA,NA,NA,NA,NA,NA,NA,NA,NA,NA,NA,NA,NA,#VALUE!,NA,1186,856,NA,NA,NA,NA,NA,NA,NA,NA,NA,NA,NA,NA,NA,NA,NA,NA,NA,NA,NA,NA,NA,NA,NA,NA,NA,NA,NA,NA,NA,NA,NA,NA,NA,NA,NA,NA,NA,NA,5,NA,NA,NA,NA,NA,NA,NA,NA,NA,2219720,NA,NA,NA,NA,NA,NA,NA,28386,7448,0.5,515790,561058.969784,238157,63983,193205,65715,818703.051601,298947,0.7233019946,1481496.299934,340499.234399,37875,106619.918681,25018.522058,426417.879298,255621.533185,106113.115136,48316.687538,40552.834681,30401.398666,29926.605064,105228,40198.53965,21182.139159,6586.454065,20317.576866,23543.341576,17254.315418,3599.195212,799.129353,738.483866,0,347915,535953.652055,95180.641387,27283.332101,67897.309286,62.38,1045,18638,5089,1678709,1379762,1047387.697803,0.1401646929,3.0833927923,2.4585742046,2.2835021893,0.1142252194,2.8071318013,3.7843188532,1.3540789073,39.6438418819,1468.06775,1.7034247511,32295.076782,2.7144503196,25750.80376,0.0004137124,23917.12101,2.4409609016,1196.380896,1.2851219622,29401.553148,0.208023262,39636.490114,22.3101286819,14182.455894,0,415224.722807,12.5004778885,17841.461284,1.1677679784,28430.81871,4.333173,25566.324192,13460.209334,2178.810055,233673.543178,0,130928.467571,12231.058145,-958,NA,63.2,63.3,11.93,1071569.228733,33.4,NA,28.8,109.6,NA,10.1,NA,12.4,109.6,110.1,100,NA,109.6,635782,28.642518811,NA,1.7,7.94,73.8,NA,20161,3891,2886,3290,NA,918,377,209,832,77,NA,NA,250,NA,51,165,7215,882,NA,NA,NA,28842.230982,8,29940,195617,6278,20.9686038744,24,NA,NA,NA,84.9,NA,79.9,94.5,87.1,NA,60.6,16571,438567,2.15,101829,NA,NA,17.9,36.6,45.5,60.9,15.3,23.7,4.92,146700,190038,28768,177872,138247,48832,NA,44.91,45.31,44.72,42.56,43.55,48.96,45.43,44.03,65.1,34.9,654,27623,5.4,80.36,NA,NA,NA,NA,3694,75664,3682,NA,NA,NA,NA,36.3,16.1,24,26.2,40,57.7,NA,NA,NA,NA,NA,NA,NA,NA,NA,NA,NA,NA,NA,NA,NA,NA,NA,NA,NA,NA,NA,1.2,NA,NA,NA,NA,NA,NA,60,596,1838,1264,161,462,12.7,36.5,NA,NA,507,NA,1103,NA,NA,NA,NA,NA,NA,NA,54.0344514959,10,47,NA,81,NA,1266,1195,71,1,3,4,1315,17,103,2812,248,6579,420,NA,470,1762,NA,NA,1616,NA,6,NA,NA,NA,5160,NA,1825,NA,NA,NA,NA,764,370,151,213,186,32,60,22,NA,NA,NA,NA,NA,NA,NA,NA,NA,NA,NA,NA,NA,83,NA,NA,NA,NA,NA,328,NA,NA,NA,NA,NA,121,NA,NA,NA,NA,NA,1798,NA,NA,NA,NA,NA,NA,NA,NA,NA,NA,NA,165,4444,409,415,1797,255,939,1105,1321,NA,NA,NA,NA,NA,NA,314891,267687,47204,284939,250974,33965,NA,29952,16713,13239,7226,3664,NA,NA,100.8,93.7,NA,476319,514774,471246,536668,NA,NA,77.6,1963,581,358982,129.26,161.58,274.68,323.15,323.15,323.15,323.15,387.78,387.78,NA,387.78,387.78,323.15,2314.8,4813.32,7101.67,7348.58,11022.87,11757.73,11022.87,9553.15,7348.58,380.26,790.71,1166.63,1207.19,1810.79,1931.5,1810.79,1569.35,1207.19,1133.08,2356.09,3451.77,3597.09,5395.64,5755.34,5395.64,4676.22,3597.09,446.15,927.72,1359.14,1416.36,2124.54,2266.18,2124.54,1841.27,1418.36,NA,NA,99.54,14,8.04,4.32,NA,NA,NA,0.11,551745,NA,NA,74.8,51.1,NA,35,7,28,46191,12949,33241,28776,15033,13743,4186.965429,3399.158568,719,787.806861,6747,NA,NA,NA,NA,609484,120504,29928,90576,76189,14387,2774,2473,3882,0,1489.9828,539,NA,NA,NA,NA,NA,NA,NA,653,525,22,NA,70,NA,3,NA,33,NA,30072.387873,13208838,0,0,NA,10016.980606,NA,NA,NA,NA,NA,NA,NA,NA,NA,NA,NA,NA,NA,NA,NA,NA,NA,NA,NA,NA,NA,NA,NA,NA,NA,NA,NA,NA,NA,NA,NA,NA,NA,19861,39205,581596,23756,28666,NA,5.42,NA,NA,NA,NA,NA,2.76,NA,NA,42.85,470925,2897,15.542500856,116,154,11,20,44,0,NA,80202.037439,0,NA,NA,1503138,2811852,3030.5865,3058434,3888531,4230.9315,4573524,4832.5365,0,4885.2225,5668098,58,88,0,13726191,7627642,6098549,NA,NA,0,NA,NA,44.3516890242,18.4816360158,18.2012660855,80202.037439,NA,NA,21962,NA,1516,1597,1861,1766,1611,1547,NA,NA,NA,NA,NA,NA,NA,345,NA,NA,0,NA,NA,NA,NA,NA,NA,NA,NA,NA,NA,0,14779.7856672702,4062.6085483501,308,14428,1980,212,947,398,6,0,267,136,14,0,16541,NA,3443,NA,NA,NA,NA,NA,NA,9377,NA,2080,1232,409,0,NA,NA,NA,0,381,54,164,124,3,0,15,17,4,0,104826,80996,11148,2026,NA,NA,0,NA,328057,324,90175,77,49173,143,3520,104,33,374,11,17,5,NA,0,NA,25655236,NA,NA,1002092,1874568,2020391,2038956,2592354,2820621,0,3049016,3221691,3256815,3778732,134227,100572,14681,18974,134227,38483,2330
2010,5791156,42510,2006,2.62,NA,NA,NA,NA,NA,NA,NA,NA,NA,NA,NA,NA,NA,NA,73,0,2446,0,228000,NA,NA,NA,202829.634137,NA,NA,NA,NA,NA,NA,NA,NA,NA,NA,NA,NA,NA,NA,NA,NA,NA,NA,NA,NA,NA,NA,34.1,NA,20,14,12371,21,11,22,0.1721570791,2262.50906,0,630.1346,0,NA,0,74887,124.298025,1166.942318,266.247117,0,NA,574611,NA,NA,NA,NA,NA,NA,NA,NA,NA,NA,NA,NA,NA,NA,NA,NA,NA,NA,NA,NA,NA,NA,NA,NA,NA,NA,NA,NA,39.4,NA,NA,NA,NA,NA,NA,NA,NA,NA,NA,46.1,NA,NA,NA,NA,NA,NA,NA,NA,NA,NA,31.4,NA,NA,NA,NA,NA,NA,NA,NA,NA,NA,NA,NA,NA,NA,14318,14071,1206,959,NA,NA,NA,NA,NA,NA,NA,NA,NA,NA,NA,NA,NA,NA,NA,NA,NA,NA,NA,NA,NA,NA,NA,NA,NA,NA,NA,NA,NA,NA,NA,NA,NA,NA,NA,NA,NA,NA,5,117,71,30,16,332110,NA,NA,NA,NA,2244668,NA,NA,NA,NA,NA,NA,NA,26135,6375,0.53,NA,591223.752505,242851,63878,205381,79113,949506.091981,334020,0.7692210317,1708497.278665,340394.700825,NA,109214.721316,28350.345372,492347.788775,246333.351777,319260.283888,22341.802648,40083.689866,31068.271594,21968.792555,NA,37635.119364,19250.56696,9523.787851,21335.288131,14182.035545,30377.109417,7008.642569,907.308944,588.199389,0,NA,514489.093784,52744.384339,20564.052469,32180.33187,NA,NA,NA,NA,1874750,1540730,1314212.039273,0.0922466425,1.4662800684,1.410563142,1.6616925827,0,2.3006129158,3.0500169431,2.1164614621,36.6982470301,1212.316481,1.0038692932,19270.029188,2.6818973621,18537.790634,0,21838.163978,1.6559835919,0,1.1663960466,30234.931916,0.1721570791,40083.689866,17.8836807513,27814.791342,0,482292.780672,25.1074721906,13192.97111,1.5324228984,35245.818014,0,21763.135733,15328.91727,2262.50906,235029.485499,0,329965.422286,20139.286224,-1589,NA,83.2,53.15,4.79,1314212.039273,31.8,NA,27.5,104.9,NA,10.3,289,12.9,104.9,104.6,101.4,NA,104.9,588415,26.2142375678,NA,4,4.5,74,NA,27960,11121,2879,2797,NA,722,825,283,950,242,NA,NA,259,NA,149,175,7558,871,NA,NA,NA,31072,9,28296,195348,5743,20.2961549336,NA,80.4,90.4,84.1,84.9,59.8,82.2,94,86.4,82.1,62.4,14789,431111,2.31,103665,NA,NA,22.8,30.9,35.3,54.4,13.6,31.2,5.32,139738,187708,29067,174722,136566,50432,NA,46.2263157895,45.9120674235,42.8530925353,44.3548985208,45.1702512476,47.4927175783,45.5641314069,46.0081974544,64.4,35.6,0,25535,9.78,87.93,NA,NA,176565,NA,5199,74915,4472,NA,75651,NA,NA,37.9,22.6,20,21.9,38,51.8,NA,NA,NA,NA,NA,NA,NA,NA,NA,NA,NA,NA,NA,NA,NA,NA,NA,NA,NA,NA,NA,2.46,NA,NA,NA,NA,NA,13771,58.2,583,1867,1248,161,408,12.9,32.7,NA,NA,504,NA,1087,NA,NA,NA,NA,NA,NA,NA,53.6338546458,4,35,NA,81,NA,1716,1617,99,0,0,1,819,9,172,2925,397,6531,514,NA,623,1205,NA,NA,2092,NA,18,NA,NA,NA,4771,NA,1859,NA,NA,NA,NA,656,429,215,173,218,42,60,32,NA,NA,NA,NA,NA,NA,NA,NA,NA,NA,NA,NA,NA,103,NA,NA,NA,NA,NA,305,NA,NA,NA,NA,NA,113,NA,NA,NA,NA,NA,1825,NA,NA,NA,NA,NA,NA,NA,NA,NA,NA,NA,161.05,4880,626,512,1825,136,797,1217,1592,NA,NA,NA,NA,NA,NA,292658,243970,49688,282283,246168,36115,NA,10375,-2198,12573,9208,3615,NA,NA,98.8,NA,NA,481459,521416,478087,540653,96.2,NA,73.1,1652,408,341665,135.72,169.65,288.41,339.3,339.3,339.3,339.3,407.16,407.16,NA,407.16,407.16,339.3,2385.17,5186.8,7438.71,7571.98,11357.97,12115.16,11357.97,9843.57,7571.98,391.82,852.06,1222,1243.89,1865.83,1990.22,1865.83,1617.06,1243.89,1167.53,2538.91,3604.14,3706.44,5559.66,5930.31,5559.66,4818.37,3706.44,459.72,999.7,1419.14,1459.42,2189.13,2335.07,2189.13,1897.24,1459.42,NA,NA,99,13.85,10.4,21.8,NA,NA,NA,0.07,603726,NA,13.7,73.9,41.4,NA,24,23,1,44825,31004,13821,32018,15220,16798,3978.825064,3915.559012,343,63.266052,8534,NA,NA,NA,NA,621467,126886,29928,96958,82288,14670,1211,5009,5103,0,258.389474,63,NA,32.5,NA,NA,NA,NA,NA,NA,NA,NA,NA,NA,NA,NA,NA,NA,NA,30341.699253,13969.5,0,0,NA,22063.298368,NA,NA,NA,NA,NA,NA,NA,NA,NA,NA,NA,NA,NA,NA,NA,NA,NA,NA,NA,NA,NA,NA,NA,NA,NA,NA,NA,31.1,NA,NA,NA,NA,NA,20282,39673,538444,23164,29066,NA,5.5,28,28,NA,NA,NA,8.44,NA,NA,12.02,504653,3176,13.5877555166,123,109,10,18,45,0,NA,111661.14981,8074.07614,5802606,6867.0615,7747.5465,7378.7115,8155.8435,8220.27,8570.2995,9561.9795,9947.2425,10043478,11171.999081,10041.24,9941583,75,100,20,30921331,21694980,9226351,NA,NA,8949.173719,NA,NA,50.1041995105,32.6188009549,18.6063690825,12851.086894,NA,NA,22303,NA,1581,1947,2098,1800,1850,1796,1866,NA,NA,NA,NA,NA,NA,305,NA,NA,22887.861088,NA,NA,NA,NA,NA,NA,NA,NA,NA,NA,2141.164605,15418.8660818984,4628.9745408405,309,14824,2365,242,1184,459,9,1610.575971,277,176,18,0,17522,NA,3354,NA,NA,NA,NA,NA,NA,9502,NA,1715,2083,868,955.639282,NA,NA,NA,0,319,38,122,128,0,2200.205814,16,11,4,0,131531,77705,27865,1066,NA,NA,4761.830513,NA,346082,NA,103899,NA,51096,NA,3576,NA,NA,377,NA,NA,NA,77.3,24462.467685,2.9,NA,3868822,4639318,5168306,4919133,5436799,5484756,5713742,6374653,11595.069018,6632509,6696416,6694185,6628233,258730,162014,63521,33195,258730,102278,2346
2011,NA,NA,NA,NA,NA,NA,NA,NA,NA,NA,NA,NA,NA,NA,NA,NA,NA,NA,NA,NA,387,NA,NA,NA,NA,NA,195372.190954,NA,74615.0362712843,NA,NA,NA,NA,NA,NA,NA,NA,NA,NA,NA,NA,NA,NA,NA,NA,NA,NA,NA,NA,47.6,NA,NA,NA,7779,NA,NA,NA,0.233862711,3010.649085,0,130.69464,0,NA,90.91856,131.854803,0,2657.181082,0,0,NA,569762,NA,NA,NA,NA,NA,NA,NA,NA,NA,NA,NA,NA,NA,NA,NA,NA,NA,NA,NA,NA,NA,NA,NA,NA,NA,NA,NA,NA,39.7,NA,NA,NA,NA,NA,NA,NA,NA,NA,NA,47,NA,NA,NA,NA,NA,NA,NA,NA,NA,NA,30.8,NA,NA,NA,NA,NA,NA,NA,NA,NA,NA,725412.988622328,NA,NA,NA,14797,14370,1286,859,NA,NA,NA,272549.504657607,NA,NA,NA,NA,NA,NA,NA,NA,NA,NA,527478.520236005,NA,NA,NA,NA,NA,NA,NA,NA,NA,NA,NA,NA,NA,NA,NA,NA,NA,20268,460000,NA,NA,NA,NA,4,96,56,25,15,313000,NA,NA,NA,NA,2269653,NA,NA,NA,NA,NA,NA,NA,25.14103864,5.24781776,0.5,NA,605131.43732,245791,64545,218373,76423,907075.435491,323530,0.7552741247,1748135.413258,342117.980025,NA,115958.493855,30787.295216,522255.111049,270521.787545,244293.859044,20834.167192,57239.622963,27460.216266,40141.905225,NA,38370.216106,18606.053643,10215.732597,15362.902833,15191.905733,29778.925451,8235.31707,913.128622,641.687798,258905,NA,451493.59,85695.99,63058.04,22637.95,54.6,NA,NA,NA,1835737,1512207,1287357.472314,0.0476169217,3.1603295402,2.0725909925,1.375545661,0,1.8343969416,4.3055359044,1.8460099782,39.7624129426,613,0.7427119917,40684.738485,2.4673797296,26681.655013,0,17708.189852,1.7366989098,0,1.4397459452,23615.2461,0.233862711,55427.638188,19.8531755232,23764.747394,0,511884.394189,18.1417679858,9561.358323,0.9802183215,31763.997319,0,22357.523187,18534.677008,3010.649085,255581.338589,0,233549.405775,12618.913807,-1912,NA,76.7,49.06,3.64,1320321.444137,33.9,NA,31.2,103.6,NA,9.3,275,11.6,100.7,106.3,100.7,NA,102.8,642422,28.3051422479,61.311046226,1.7,6.79,74.1,NA,13623,1395,3528,1876,NA,1051,55,288,746,214,28,NA,402,272,49,195,3524,NA,1391548,NA,NA,34409.361962,9,29496,194848,6034,20.4570111202,NA,89.6,95.5,85.1,87.9,60.8,91,98.4,87.7,85.3,63.5,15405,442800,3.59,105819,NA,NA,34.5,45.8,19.7,61.7,23.5,14.8,4.56,145969,191012,32226,177695,136515,51128,NA,47.08,45.39,41.5,45.23,45.24,48.2,47.87,45.86,64.4,35.6,0,29831,9.54,89.93,NA,NA,NA,NA,8049,NA,NA,NA,NA,NA,NA,46.1,29,33,38.6,21,32.4,NA,NA,NA,NA,NA,NA,NA,NA,NA,NA,NA,NA,NA,NA,NA,NA,NA,NA,NA,NA,NA,3.19,NA,NA,NA,NA,NA,NA,56.5,569,1895,1247,176,331,14.1,26.5,NA,NA,503,NA,1071,NA,NA,NA,NA,NA,NA,NA,53.078358209,9,8,0.75,81,NA,1943,1825,118,0,1,5,NA,17,174,2691,474,7203,599,NA,673,1109,NA,NA,1970,NA,27,NA,NA,NA,5076,NA,1885,98,NA,NA,NA,676,409,224,119,148,23,220,30,NA,NA,NA,NA,NA,NA,NA,NA,NA,NA,478,NA,359,91,2706,NA,NA,NA,NA,248,NA,NA,NA,NA,NA,114,NA,NA,NA,NA,NA,1849,220,650,795,883,27,131,2519,166,NA,0,21,175.58,3522,NA,965,1849,138,1016,1380,NA,23,NA,NA,NA,NA,NA,NA,NA,NA,NA,NA,NA,NA,NA,NA,NA,NA,3985,NA,NA,NA,NA,100,495740,535053,491475,556178,96.7,NA,67,2223,536,316756,162.96,203.7,316.2,372,372,372,372,446.4,446.4,6.1,446.4,446.4,372,2462.28,5354.47,7679.17,7816.75,11725.12,12506.8,11725.12,10161.77,7816.75,404.49,879.61,1261.5,1284.1,1926.15,2054.56,1926.15,1669.33,1284.1,1205.27,2620.99,3720.65,3826.26,5739.38,6122.01,5739.38,4974.13,3826.26,474.58,1032.02,1465.01,1506.59,2259.89,2410.55,2259.89,1958.57,1506.59,NA,NA,98.36,14.36,8.3,NA,14.36,1984,80.32,0.18,627198,48.1,13.4,69.5,35,69.9,24,21,3,101190,45236,55954,27745,15477,12268,1948.343156,997.853156,159,950.49,NA,44209,94827,61907,200943,633541,133341,29928,103413,88458,14955,534,5522,9766,0,682.001592,198,NA,33.9,NA,NA,NA,NA,NA,NA,NA,NA,NA,NA,NA,NA,NA,NA,NA,31057.92,NA,NA,NA,NA,NA,797,1452,574,516,283,217,208,175,113,NA,187,128,122,254,126,47,151,75,72,75,NA,30,21,0,NA,NA,NA,24.3,NA,NA,NA,NA,88.11,18372,39979,554198,22628,29213,NA,6.02,22,29,NA,NA,NA,4.1,NA,NA,0.71,551348,3159,11.0148996344,89,95,13,15,38,0,NA,105264.546122,9213.497256,9244.0455,10808085,12167.1285,10816971,12246.7305,10949667,11296398,13479387,13598.52,13375143,9394.872924,13515831,14161608,87,101,20,42001747,30502490,11499257,16.2,NA,9303.256003,NA,73,44.8812194404,21.0404468436,15.9410733857,10907.909209,NA,NA,22947,NA,1523,1824,2063,1874,2121,1730,1778,2133,2207,1994,1995,1705,NA,250,NA,NA,8034.636602,NA,NA,NA,NA,NA,NA,NA,NA,NA,NA,9397.645449,16267.9354157597,5529.4219248726,NA,15503,2233,238,1097,450,4,10156.478694,270,166,0,8,17271,7,0,2341.15,852.76,1365.03,2.12,121.24,17,1624,76,10171,0,3079,6945.66216,1332,1065,0,0,271,36,103,96,3,9089.865205,12,16,5,0,NA,NA,NA,NA,NA,NA,7383.797302,NA,369206,573,125492,132,53218,304,3432,137,54,NA,30,14,10,76.2,7380.384847,2.6,97106343,6162697,7205390,8111419,7211314,8164487,7299778,7530932,8986258,8056.540471,9065680,8916762,9010554,9441072,360207,222291,92644,45272,360207,145660,2302
2012,5406585,20213,1593,2.39,2943544,67651,72139,0,2390902,4295,1.3,0.03,1.06,1222935,303007,919928,NA,NA,48,NA,2975,NA,NA,NA,62,53,278738.801593,NA,88017.3525150609,NA,NA,NA,NA,NA,NA,NA,NA,NA,NA,NA,NA,NA,NA,NA,NA,NA,NA,NA,NA,52.3,NA,NA,NA,30370,NA,NA,NA,0.0732369243,882545,0,0,0,NA,0,75.7,683845,123,0,0,52.7,629826,NA,NA,NA,NA,NA,NA,NA,NA,NA,NA,NA,NA,NA,NA,NA,NA,NA,NA,NA,NA,NA,NA,NA,NA,NA,NA,NA,NA,39.9,NA,NA,NA,NA,NA,NA,NA,NA,NA,NA,47,NA,NA,NA,NA,NA,NA,NA,NA,NA,NA,31.2,NA,NA,NA,NA,NA,NA,NA,NA,NA,NA,790513.297325633,NA,NA,NA,15635,15020,1376,761,NA,NA,NA,201383.527982045,NA,NA,NA,NA,NA,NA,NA,NA,NA,NA,677147.121858649,NA,NA,NA,NA,NA,NA,NA,NA,NA,NA,NA,NA,NA,NA,NA,NA,NA,20482,470000,493300,391728,101572,73258.8313571354,8,80,39,25,16,301536,2e+05,11018,3079,6406,2294653,NA,NA,NA,NA,NA,NA,NA,23.1,5.3,0.52,NA,631657.67986,213185,65891,245046,107536,1121236.061144,161178,0.694241325,1767184.342297,426753.717528,NA,115518.04099,32496.874945,461870.157511,334961.405676,194965.605001,28842.548571,65757.356705,27314.454518,20665.99848,NA,28952.90595,22832.556985,9955.704105,7241.448045,10921.891051,7105.345563,2543.91927,1362.460934,712.74,845.900872,NA,384608.40416,91681.981283,66055.337703,25626.64358,48.6,NA,NA,NA,1914072,1752894,1205054702,0.0715055506,2.7440401623,0.4638552914,1.050169754,0.0070576879,2.1699694592,5.2202202851,0.4477955226,38.1466419107,861681,0.7988253964,33067185,2.2333133056,5589.71,0,12655.12,1.2191605058,85049,0.9466304709,26149319,0.0732369243,62906.51,27.4402596373,5396181,0.0076645483,459687902,16.5303183058,9626283,0.4293352817,26912647,0,14691551,11407415,882545,330670139,92362,199199378,5173725,-2402,99.2994019285,73.6,43.32,4.56,1226852.399237,50.9,9.5082530949,30.5,101.5,102,9.3,271,11.3,101.5,101.7,102.3,103,101.5,680908,29.6738098258,61.2101699037,2.8,8.49,74.2,2765,18777,2317,3758,4569,1416,1104,98,307,505,287,175,242,350,380,283,172,2814,NA,1404561,102,NA,NA,15,29080,193657,5908,20.3163686382,27,77.8,86,76.8,89.6,58.6,80.9,94,89.7,81.3,71.2,9992,402318,3.35,100674,98198,2476,36.6,47,16,78.9,14,7,5.44,118784,182860,28299,165097,126560,48917,106053,45.78,45.39,41.44,45.37,45.61,48.14,46.35,46.26,64.5,35.5,0,23453,9.2,86.18,1257,1250,176702,30619,9235,18659,6402,3200,167522,91,334,54.8,28,30,43,15,29,408,401,416,379,375,383,402,397,406,42,59,41,59,52,48,67,33,52,48,75,25,1.89,107485,NA,NA,3531,129,7895,57.6,580,1925,1278,169,416,13.2,32.5,24.1,NA,529,NA,1109,NA,NA,NA,NA,NA,NA,NA,52.2993688007,6,9,0.72,80,3745,2202,2079,123,1,0,2,1135,22,244,2924,487,7399,671,823,775,957,32804.600751,10886.078239,1635,11113,13,10805.522512,241.7805296946,1178,4898,378,1861,30,1652,137,50,954,246,238,203,154,28,16,0,1746,93,221,645,495,276,130,46,23,3,728,2922,546,87,2658,20,54,8,5,258,114,87,34,15,8,109,69,7,7,0,26,1839,250,512,790,912,70,124,2414,168,1256,6,70,156,7802,1508,738,1839,163,1162,1564,1070,NA,770,679,636,201,81,NA,NA,NA,NA,NA,NA,486,NA,NA,NA,NA,3588,167674,2773,NA,NA,100,501657,537824,496077,561263,95.9,NA,61.7,982,342,294745,167.49,209.36,352.7,414.94,414.94,414.94,414.94,497.93,497.93,6.02,497.93,497.93,414.94,2579.23,5561.46,7979.49,8060.09,12090.14,12896.15,12090.14,10478.12,8060.09,423.7,913.61,1310.83,1324.07,1986.11,2118.52,1986.11,1721.3,1324.07,1262.52,2722.31,3866.46,3945.37,5918.06,6312.59,5918.06,5128.98,3945.37,497.12,1071.91,1522.43,1553.5,2330.24,2485.59,2330.24,2019.55,1553.5,NA,NA,99.54,11.2,NA,NA,11.2,1870,79.23,0.23,585951,51.22,12.9,67.7,26.7,70.1,43,32,11,68678,25904,42775,NA,NA,NA,4413,708,0,3705,NA,47553,101350,60132,209035,645707,137404,27462,109942,94700,15242,245,7779,3121,0,562.837264,NA,2.03,30.1,NA,NA,NA,NA,NA,1964,1497,206,4664731,166,77,13,5,0,358629,26681.758771,NA,NA,NA,2534290,NA,431,548,578,438,682,297,242,180,208,981,168,79,117,80,105,68,86,50,39,24,1293447,27,31,1,138.27,3426,832587,28.7,NA,NA,NA,18.13,82.72,17404,41132,591906,22848,29846,NA,6,31,30,NA,NA,NA,3.4,53087.09,NA,NA,597968,2782,11.8536441022,126,90,7,17,32,0,20,122420.498686,8189.638682,12910.43756,14484.35669,15771.23994,14223.40497,16159.20874,15125.75175,16249.58779,17018.16563,18448.68437,20346.2888,9019.8471,19478.20328,19189.73853,90,157,30,49073664,35927575,13146089,16.5,NA,8543.067957,NA,67,42.5964951839,22.9396877064,16.5563823268,10215.986963,NA,NA,24540,NA,1706,1955,2104,1862,1946,2021,2066,2079,2173,2247,2127,2254,NA,272,NA,NA,10596.819368,NA,NA,NA,NA,NA,NA,NA,0.7734,0.9925,953,10943.718646,16928.0363002001,6579.5855825939,NA,16706,2202,229,1201,399,18,12462.28549,229,116,0,10,19764,NA,2956,2362,862,1374,1,125,NA,9808,NA,2142,1818,810,8997.78,2,2,2226,0,296,29,112,123,2,11925.101259,4,10,14,2,NA,NA,NA,NA,3349,NA,12323.312203,NA,388438,881,150978,198,55130,518,3422,165,91,NA,51,29,11,89.8,10549.354503,2.5,130552.51,8539603,9720895,10625215,9488765,10816478,10149654,10446921,10733579,8653.586515,11682764,12849588,12917911,12581137,416838,233912,136845,46081,416838,199405,2293
2013,NA,22786,2812,NA,NA,NA,NA,NA,NA,NA,NA,NA,NA,1339853,421612,918241,NA,NA,21,NA,3530,NA,NA,10791,36,34,404396.678566,1.4,177150.436811487,NA,NA,NA,NA,NA,NA,NA,NA,NA,NA,NA,NA,NA,NA,NA,NA,NA,NA,NA,NA,60.07,NA,21,22,23227,23,4,16,0.1663565259,2575321,0,190.3,0,NA,0,812403,320.4,1252218,0,0,NA,646290,NA,NA,NA,NA,NA,NA,1.92,NA,NA,NA,NA,NA,NA,NA,NA,NA,NA,1.93,NA,NA,NA,NA,NA,NA,NA,NA,NA,NA,41,NA,NA,NA,NA,NA,NA,NA,NA,NA,NA,48.4,NA,NA,NA,NA,NA,NA,NA,NA,NA,NA,31.8,NA,NA,NA,NA,NA,NA,NA,NA,NA,NA,591138.84430867,NA,NA,NA,16092,15804,1083,795,NA,NA,NA,248118.448606791,NA,NA,NA,NA,NA,NA,NA,NA,NA,NA,520170.832513366,NA,NA,NA,NA,NA,NA,NA,NA,NA,NA,61,NA,481,7,12,9,72,20698,480119,538322,414845,123477,72503.1295706564,4,78,57,11,10,270082,250000,24320,7135,10948,2319684,115251,121478,665148,218836,227724,1255247,27547,21.9,4.4,0.51,NA,781546.513006,357201.708385,66563.433999,234447.423268,123334.127354,1466308.446505,272130.65752,0.713379907,2223580.419989,552502.62318,NA,105646.15401,42459.790604,532167.392427,474490.164186,203024.453305,81814.826721,80087.848148,44593.353235,39828.034691,NA,35170.504324,30804.264805,20273.298197,13524.458152,12337.934824,11566.165693,3299.162537,1610.835077,834.996798,829.9,NA,319201.622057,86732.756397,66072.033273,20660.723124,59,NA,NA,NA,2519985.617031,2247854.959511,1548073324,0.0254544791,5.0339692437,1.7431545122,1.7290691329,0.0771359458,2.5862197468,3.5262759298,0.6076958277,33.692195448,394054,0.8723544803,77929535,2.8329320272,26985.31,0.0338991049,26767258,1.0399123705,1194121,0.9524402863,40036578,0.1663565259,54589337,29.7223478931,9407577,0,521579.89,14.5960513302,13504687,0.7625357157,43855865,524783,16098606,14744474,2575321,460123739,0,225957577,11804612,-2283,97.2933772555,74.1,30.15,3.87,1586257.59312,14.6,9.124631778,27.5,100,101,7.8,215,9.46,99.3,104,100.5,102,101,678662,29.2570231349,59.8034904754,2.8,10.2,74.3,2509,21332,1008,3984,3784,2626,529,74,859,524,289,441,582,381,34,234,348,5635,NA,1387252,99,137105,12264.017337,4,27497,192421,5282,19.2093682947,25,74.6,87.4,78.4,90.8,59.1,77.7,92,83.8,82.4,61.4,10695,404384,NA,99286,92957,6329,44,40,16,78.8,11,10,NA,118556,186542,27226,165155,127116,48822,196624,45.3,44.8,41,44.5,46.2,48.4,45.9,45.6,65.2637250374,34.7362749626,0,25370,NA,NA,8921,6585,164825,41418,9249,182336,6783,3200,186542,91,334,56.3,29.1,27,41,17,30,NA,NA,NA,NA,NA,NA,NA,NA,NA,40,60,42,58,53,47,64,36,57,43,76,23,1.74,115385,NA,9798,3822,129,NA,58.6,559011,1953.2866666667,1296203,150.6043333333,429.1456666667,11.6,33.1,23.9,1.95,586588,1.63,1145.5986666667,0.9,3.94,3.24,1.28,1.62,-0.49,1.81,48.7964080498,4,6,0.72,82,3276,2019,1891,128,1,2,5,1206,14,206,2350,409,9214,599,770,783,979,36028.237777,13505.4095,1615,15161.9088,20,7360.919477,277.1532835702,1405,6096,432,1989,195,1703,161,45,1001,101,345,293,119,32,17,1,1787,122,244,676,543,249,116,54,19,8,817,2506,613,75,2009,15,33,11,16,247,108,85,33,4,17,114,66,0,12,18,18,1909,238,434,632,665,40,0,1930,79,1289,0,0,111,6924,838,951,1909,200,1234,1668,743,NA,483,473,387,245,185,NA,NA,NA,NA,NA,NA,806,NA,NA,NA,NA,2587,466905,19240,NA,NA,100,515101,537824,514578,575123,97.1,NA,58.1,1250,583,280999,171.42,214.27,321.68,378.4474297182,378.4474297182,378.4474297182,378.4474297182,454.1369156619,454.1369156619,6.13,454.14,454.14,378.45,2579.23,5561.46,7979.49,8060.09,12170,12976,12251.34,10639,8060.09,423.7,913.61,1310.83,1324.07,1999.35,2131.75,2012.59,1747.77,1324.07,1262.52,2722.31,3866.46,3945.37,5957.51,6352.05,5996.36,5287.09,3945.37,497.12,1071.91,1522.43,1553.5,2345.79,2501.14,2361.32,2050.62,1553.5,NA,NA,99.78,9.68,6.9,10.52,NA,NA,80.6,0.2,598205,53.4094908746,12.3,59,26,70.2,43,37,6,10190,4387,5803,32765.02,NA,NA,2508,2023,226,484,NA,47277,71694,58408,177379,657963,143184,26640,116544,101013,15531,2867,947,3733,45,0,0,NA,33.5,37.1,44.9,NA,NA,NA,2238,1736,197,NA,126,88,9,1,81,431710,45043.121428,NA,NA,NA,NA,NA,430,323,599,405,427,255,178,208,136,NA,162,70,119,69,84,77,17,45,23,44,NA,29,29,2,139.07,NA,NA,27.5,53,0.75,0.48,17.85,77.2,16958,41800,613644,21128,30242,NA,6.07,25,30,34,NA,NA,1.1,160300.74,1613,NA,644844,2789,10.6480020555,108,86,5,14,33,1,25,124090.750947,19348.535171,18054.0981,18460.2801,18292.8313,22424.2718,20959.7393,18383.1472,20416.7685,20702.3926,20246.9508,20571.7444,7697.221175,19381.0372,19402.5268,95,225,31,61161495,45531306,15630189,18.3,15.74,7331.77781,17.52,52,44.0820166397,25.4293761679,17.9178093143,9248.676459,543637.538092,5432,23767,39571,NA,NA,NA,NA,NA,NA,NA,NA,NA,NA,NA,NA,86310,247,58984,104842,10961.465617,66133,71456,15014,39183,10135,43798.538092,2779,0.7908,0.9998,0.9827,8713.002537,17656.0307459514,7570.9965490558,NA,15938,1917,188,1089,338,2,10043.526646,202,90,2,6,20984,42,NA,2362,862,1374,1,125,18,NA,40,NA,NA,NA,9961.283484,NA,NA,NA,NA,289,34,113,110,2,10605.218226,0,4,26,0,NA,NA,NA,NA,3588,911,8319.6251,731,409559,903,175621,199,56212,523,3452,181,90,NA,56,23,11,90.8,8664.505866,3.06,150195982,11614502,12210127,12075003,13279240,12898345,11646403,12905031,13129983,13195.912856,12798688,13013627,12308760,12316273,477626,261569,174040,42017,477626,237296,2345
2014,6509216,10721,3509,2.76,NA,NA,NA,NA,NA,NA,NA,NA,NA,NA,NA,NA,NA,NA,46,0,1856,0,279494,NA,47,173,275927,3.7,147592.857442,62,96,28,47,35,16,40,105,51,54,51424.5316470881,21,5,4,9,75,1,0,6,3,60.3,15056.2029592275,NA,NA,20271,NA,NA,NA,0.1724830616,2990565,0,0,0,24377.9807707658,0,1261.2,830011,899354,0,0,NA,616224,26029.1539575876,9452.5262912659,18075.6909311786,7768.0744838327,3255.3313341626,10387.613734626,3.87,17295.181508594,7188.7050789818,7969.7493120464,999.2201858609,277.2681794174,957.712235412,1041.0182001671,7243.5510306,4.7256122533,39.3074701026,3.64,525.4465953534,132641.730961766,118672.10457573,53514.8194455618,51834.301585476,49401.9790160358,27848.1329259008,29839.2921818487,28286.5282894718,46260.126426668,42.1,21828.6015165119,13886.9802435193,7797.4312948923,1814.5594169776,1797.984264868,948.0367068226,642.7181158846,17139.3721569132,29.1631293758,0,48.9,0,2860.4727913102,33832.7355468409,3344.7202435425,7957.5155815013,15372.4770797439,2543.0810935971,5667.8552655501,761.266253527,2652.6545956033,32.6,29709.1133675239,12632.5559480407,1620.5601614091,3193.7987656278,413.4600471018,207.7536860677,46.7380372076,65.4302447403,23698.8631939741,0,669447.554719,0,35.2574785766,3837.0208522294,17574,17303,1268,997,369,71,67,209996.077115,164,55,89,44,11,74,107,47,42,12,607044.335046,4,9,9,89,1,0,0,4,308,31,61,20.8,481,7,12,9,72,24095,564950,464161,329872,134289,82730.3247358559,NA,82,62,15,5,262685,250000,27341,7135,15082,2344734,64400,140998,552148,165833,202202,1048573,22736,19.1,3.3,0.49,NA,904761,385610.190687,71060515,267028.04941,181062.5393,3981995,362874,0.7842,2307421,436454,NA,111655,48872,647088.075592,533728.953888,224270.494802,68464.309233,73893.220078,51481.775365,39117.322242,NA,50319.628987,42865.110507,17747.852087,15792.123122,23008.167971,12561.203541,5594.082045,1858.279046,898.5545,859.999996,NA,253781,81402,66639,14763,56,NA,NA,NA,2662085,2299211,1733831121,0.0435457635,1.0346189305,0.8335052835,2.8375891633,0.0288774376,2.595932179,3.2283296408,0.6573693863,35.0474390868,755.01,1.239090863,17938545,2.373321398,14451574,0,49199004,1.1874185871,500686,1.3809843248,45009.08,0.1724830616,55973784,29.5749031604,11397675,2.3073216598,607663406,14.6205829928,21483743,0.8366870812,41149385,0,20587833,23943936,2990565,512778875,40005061,253496218,14506741,NA,99,NA,21.56,1.2,1809549.153002,28.9,8.557501354,26.1,98,98,8.1,218,9.3,98,98,99,NA,98,693172,29.6,60.9,1.7,13.6,NA,2370,29317,6836,5009,4886,4277,974,124,524,748,240,450,556,425,638,263,193,3174,NA,1428632,NA,133918,11054.100007,8,27695,189429,4984,17.9960281639,NA,85,93,83,95,60,91,97,88,87,62,10112,419236,NA,103484,94702,8782,NA,NA,NA,NA,NA,NA,NA,132320,183432,31885,173235,132054,48768,200496,NA,NA,NA,NA,NA,NA,NA,NA,64,36,0,23139,NA,NA,NA,NA,176530,NA,31163,166315,6354,NA,NA,91,334,NA,NA,NA,NA,NA,NA,NA,NA,NA,NA,NA,NA,NA,NA,NA,41,60,44,56,57,44,70,31,59,41,77,23,3.79,127679,NA,9288,3976,NA,NA,60.5,551,1981,1350,152,418,11.2,30.9,22.4,5.19,647,4.58,1198,2.34,4.02,3.65,1.28,2.27,0.35,2.28,46,4,3,0.65,66.49,NA,1218,1123,95,0,0,0,1006,1,79,2589,245,9123,409,NA,484,780,NA,NA,1559,NA,10,NA,279,1899,5424,508,1605,29,1373,171,15,469,186,418,185,67,45,179,10,NA,NA,NA,NA,NA,NA,NA,NA,NA,NA,717,NA,343.5,109,1818,NA,NA,NA,NA,240,NA,NA,NA,NA,NA,130,NA,NA,NA,NA,NA,1559,148,359,585,661,65,0,1695,123,NA,0,0,128.54,1649,NA,147,1559,105,593,759,NA,11,NA,NA,NA,NA,NA,NA,NA,NA,NA,NA,NA,NA,NA,NA,NA,NA,3014,NA,16474,NA,NA,NA,528737,569895,527517,571072,96.4,84.9716171915,52.8,1629,1341,257862,177.69,222.12,349.23,410.86,410.86,410.86,410.86,493.03,493.03,6.55,493.03,493.03,410.86,2672.08,5761.67,8266.75,8350.25,12608.88,13443.91,12692.38,11022.33,8350.25,438.96,946.5,1358.02,1371.74,2071.32,2208.05,2085.04,1810.69,1371.74,1307.97,2820.31,4005.65,4087.4,6171.98,6580.72,6212.85,5395.37,4087.4,515.02,1110.5,1577.24,1609.43,2430.23,2591.18,2446.33,2121.44,1609.43,527203,620446,99.8,10.64,9.5,14.6,NA,NA,86.3,0.25,603344,55.3,12.2,51,21,62,27,24,3,8307,3704,4603,38048,NA,NA,4846,3346,411,1500,NA,52980,132219,60518,245717,NA,149018,25818,123200,NA,NA,2467,4230,4925,2845,106.6039,186,NA,45,36,48,42,35,49,2145,1581,294,NA,157,103,10,0,0,462260,46596.063907,NA,NA,NA,NA,NA,1658,361,651,512,801,408,254,260,161,NA,180,88,189,87,93,106,14,32,48,30,NA,22,21,3,139.07,NA,NA,23,54,0.66,0.45,NA,80.9,17519,NA,632075,21741,NA,0.1226914741,6.55,26.2,50,32,45.6,38,2.2,193994,225142,NA,680056,2060,11.3445704289,111,79,12,14,38,12,36,122559.138263,7887.666824,17654.2787,19180.3803,20457.4083,19423.8909,20662.1604,17441.7955,18867.6552,18943.6773,19989.4485,20459.8019,7686.012961,18921.0717,19472.7481,95,220,26,59402298,44090875,15311423,17.8,NA,7305.734566,NA,55.4,41.8367021417,26.6359398427,17.999212179,8512.936173,666198,6243,19093,47298,NA,NA,NA,NA,NA,NA,NA,NA,NA,NA,NA,NA,104802,266,72510,130070,29628.370388,81925,85175,18237,49570,12512,54435,3421,0.8505,1,0.9992,10958.736514,NA,NA,NA,13688,NA,NA,NA,NA,NA,10528.869149,NA,NA,NA,NA,18366,50,NA,2362,862,1374,3.14,122.5,12,NA,38,NA,NA,NA,7528.010994,NA,NA,NA,NA,NA,NA,NA,NA,NA,8382.377305,NA,NA,NA,NA,NA,NA,NA,NA,4044,911,7906.000385,690,427944,903,190460,199,58166,523,3486,181,97,NA,59,25,13,94,9333.271549,3,145946075,11177287,12126711,13001222,12288695,13069359,11073680,11892488,11974058,6901.151455,12652734,12028993,12266644,12394204,471969,263309,165419,43241,471696,231474.3168,2038
2015,6407236,20108,3309,2.75,3063768.74,0,58910.43,0,3284556.74,0,1.313111628,0.0252486324,1.4077399484,NA,NA,NA,NA,NA,44,NA,15365,0,296502,125,NA,NA,287780.988871,7.2,NA,NA,NA,NA,NA,NA,NA,NA,NA,NA,NA,NA,NA,NA,NA,NA,NA,NA,NA,NA,NA,NA,NA,NA,NA,NA,NA,NA,NA,0.4094141534,8413728,0,292599,0,NA,0,1864418,4002331,2063.21,0,191.17,NA,NA,NA,NA,NA,NA,NA,NA,6.6,NA,NA,NA,NA,NA,NA,NA,NA,NA,NA,7.1,NA,NA,NA,NA,NA,NA,NA,NA,NA,NA,NA,NA,NA,NA,NA,NA,NA,NA,NA,NA,NA,NA,NA,NA,NA,NA,NA,NA,NA,NA,NA,NA,NA,NA,NA,NA,NA,NA,NA,NA,NA,NA,NA,NA,NA,NA,NA,NA,14866,NA,NA,NA,NA,NA,NA,NA,NA,NA,NA,NA,NA,NA,NA,NA,NA,NA,NA,NA,NA,NA,NA,NA,NA,NA,NA,NA,62,24.4744223298,580,NA,NA,NA,47,31070,786314,NA,NA,NA,NA,NA,109,97,9,3,271728,NA,31711,6922,9690,2369821,NA,NA,NA,NA,NA,NA,NA,16.5,3.4,0.48,781328,1120761.276678,417057,79187,296112,328405,1434482.790065,425295.967767,0.7892,2674476.387416,463919.831341,55175,120043.05571,56095.78676,713510.977971,601625.496987,220880.081484,114619.726761,129856.502184,69886.656309,43997.993143,197493,81618.858756,56222.729341,224821.746703,23005.382881,41941.212435,26366.410297,308796.05605,2515.754645,1164.899896,1000.290632,503630,191857,75817,63563,12254,NA,1582,21065,2381,2980540,2555244.066743,2055065251,0.0553319657,1.730391966,1.100437516,2.9689946327,0.2207891938,3.2649599309,5.5297392112,0.9101336802,32.1245216753,1137108,1.9486996328,35560684,2.5396115756,22614709,0,61014777,2.3192872332,4537362,1.0865840386,67097057,0.4094141534,113639749,27.8896995957,18703841,3.4291067384,660179882,11.4173236536,40047049,1.0549736068,52190675,0,47662866,22330011,8413728,573151525,70470381,234633451,21680396,NA,NA,NA,13.98,1.26,2134739.936908,32.7,8.6421577683,23.99,100.3,100.5,8.1,219,9.8,98.66,100.1,101.6,NA,101,724413,30.6,62.3,2.8,14.2,NA,2339,36827,NA,437,NA,NA,NA,82,45,NA,210,580,NA,459,98,92,NA,NA,NA,1477515,NA,166244,NA,9,27065,189807,4555,16.8298540551,NA,65.8,87.5,79.9,88.63,55.5,69.1,91.8,84.3,80.52,60.8,8640,390738,NA,90813,81885,8928,NA,NA,NA,NA,NA,NA,NA,125883,175916,24411,162596,125258,46942,206941,NA,NA,NA,NA,NA,NA,NA,NA,65.9530834667,34.0469165333,0,23051,NA,NA,NA,NA,176532,NA,NA,NA,NA,NA,NA,91,334,NA,NA,NA,NA,NA,NA,NA,NA,NA,NA,NA,NA,NA,NA,NA,43,57,42,58,54,46,64,36,59,41,78,22,6.9,NA,NA,NA,NA,NA,NA,61.3,590.4,2008,1372,142,443,10.4,32.3,NA,12.5,639.6,4.1,1230,4.2,4.5,4.4,7.6,5.6,1.1,7,48,11,0,0.65,58.147679916,1409,NA,NA,NA,NA,NA,NA,NA,NA,NA,2596,NA,NA,NA,194,NA,863,NA,NA,1817,NA,6,NA,204.1657398163,859,5717,183,1378,22,1177,175,26,254,182,445,206,76,32,177,6,NA,NA,167,523,359,173,86,47,23,0,723.5,1215,363.5,91,1280,NA,NA,NA,NA,292,NA,NA,NA,NA,NA,NA,NA,NA,NA,NA,NA,1378,120,257,378,517,8,0,1154,126,NA,0,0,117,2108,NA,79,1378,112,972,905,NA,14,608,NA,NA,NA,NA,NA,NA,NA,NA,NA,NA,302,NA,NA,NA,NA,NA,NA,42700,NA,NA,NA,NA,NA,NA,NA,96.7,84.1890272991,NA,NA,286,NA,184.58,230.73,NA,427.85,427.85,427.85,427.85,513.42,513.42,NA,513.42,513.42,427.85,NA,NA,NA,NA,NA,NA,NA,NA,NA,NA,NA,NA,NA,NA,NA,NA,NA,NA,NA,NA,NA,NA,NA,NA,NA,NA,NA,NA,NA,NA,NA,NA,NA,NA,NA,NA,548851,651927,NA,NA,NA,NA,NA,NA,NA,1.07,NA,NA,10.7,50,NA,NA,NA,NA,NA,NA,NA,NA,NA,NA,NA,NA,NA,101,NA,743,NA,NA,NA,NA,630598,128071,18420,109652,92884,14885,1849,NA,NA,NA,NA,NA,NA,41,46,52,43,36,53,1656,1071,175,3809421,227,124,NA,NA,59,475148,NA,NA,NA,NA,2438029.44,NA,2090,665,670,1179,825,440,333,376,283,NA,179,376,189,207,136,161,4,23,39,21,NA,25,29,8,NA,NA,685695.78,43,55,0.88,0.49,NA,NA,14436,NA,NA,21293,NA,0.13,6.1,46.9,41.7,34.6,46.9,39.2,NA,NA,NA,NA,732264,NA,13.3343404417,118,119,15,11,32,21,NA,NA,NA,18955.94636,20742.41136,22086.37904,20986.62896,21898.99008,20174.4312,21971.55488,22528.96976,23488.27712,23275.04608,NA,21708.5616,21919.4008,96,179,24,58915419,44356899,14558520,18.56,NA,NA,NA,NA,NA,NA,NA,NA,NA,NA,17325,NA,NA,NA,NA,NA,NA,NA,NA,NA,NA,NA,NA,NA,NA,316,NA,NA,NA,NA,NA,NA,NA,NA,NA,NA,NA,NA,NA,NA,NA,NA,446,NA,NA,NA,NA,NA,NA,NA,NA,NA,NA,NA,NA,28,NA,NA,NA,NA,NA,NA,11,NA,61,NA,NA,NA,NA,NA,NA,NA,NA,NA,NA,NA,NA,NA,NA,NA,NA,NA,NA,NA,NA,NA,NA,NA,NA,NA,485,459043,883,206303,190,60598,508,6320,185,104,383,13,28,63,93.9,NA,2.9,147542463,10746879,11793149,12539492,11925683,12435727,11472598,12469153,12800040,NA,13349885,13248847,12311254,12449756,482345,265692,174145,42508,482344,259736.59724,1905
